2025-10-17 14:24:50 [[32minfo[39m] Database connection established.
2025-10-17 14:24:50 [[32minfo[39m] Database synced
2025-10-17 14:24:50 [[32minfo[39m] Server running on port 5000
2025-10-17 17:04:17 [[32minfo[39m] Database connection established.
2025-10-17 17:04:18 [[32minfo[39m] Database synced
2025-10-17 17:04:18 [[32minfo[39m] Server running on port 5000
2025-10-17 18:40:20 [[32minfo[39m] Database connection established.
2025-10-17 18:40:21 [[32minfo[39m] Database synced
2025-10-17 18:40:21 [[32minfo[39m] Server running on port 5000
2025-10-20 20:17:12 [[32minfo[39m] Database connection established.
2025-10-20 20:17:13 [[32minfo[39m] Database synced
2025-10-20 20:17:13 [[32minfo[39m] Server running on port 5000
2025-10-20 20:24:34 [[32minfo[39m] Database connection established.
2025-10-20 20:24:35 [[32minfo[39m] Database synced
2025-10-20 20:24:35 [[32minfo[39m] Server running on port 5000
2025-10-20 20:28:11 [[32minfo[39m] Database connection established.
2025-10-20 20:28:12 [[32minfo[39m] Database synced
2025-10-20 20:28:12 [[32minfo[39m] Server running on port 5000
2025-10-20 20:33:38 [[32minfo[39m] Database connection established.
2025-10-20 20:33:39 [[32minfo[39m] Database synced
2025-10-20 20:33:39 [[32minfo[39m] Server running on port 5000
2025-10-20 20:34:51 [[32minfo[39m] Database connection established.
2025-10-20 20:34:52 [[32minfo[39m] Database synced
2025-10-20 20:34:52 [[32minfo[39m] Server running on port 5000
2025-10-20 20:37:41 [[32minfo[39m] Database connection established.
2025-10-20 20:37:42 [[32minfo[39m] Database synced
2025-10-20 20:37:42 [[32minfo[39m] Server running on port 5000
2025-10-20 20:39:36 [[32minfo[39m] Database connection established.
2025-10-20 20:39:37 [[32minfo[39m] Database synced
2025-10-20 20:39:37 [[32minfo[39m] Server running on port 5000
2025-10-20 20:41:16 [[32minfo[39m] Database connection established.
2025-10-20 20:41:17 [[32minfo[39m] Database synced
2025-10-20 20:41:17 [[32minfo[39m] Server running on port 5000
2025-10-20 20:41:29 [[32minfo[39m] Database connection established.
2025-10-20 20:41:31 [[32minfo[39m] Database connection established.
2025-10-20 20:41:32 [[32minfo[39m] Database synced
2025-10-20 20:41:32 [[32minfo[39m] Server running on port 5000
2025-10-20 20:41:49 [[32minfo[39m] Database connection established.
2025-10-20 20:41:50 [[32minfo[39m] Database synced
2025-10-20 20:41:50 [[32minfo[39m] Server running on port 5000
2025-10-20 20:41:53 [[32minfo[39m] Database connection established.
2025-10-20 20:41:54 [[32minfo[39m] Database synced
2025-10-20 20:41:54 [[32minfo[39m] Server running on port 5000
2025-10-20 20:42:34 [[32minfo[39m] Database connection established.
2025-10-20 20:42:35 [[32minfo[39m] Database synced
2025-10-20 20:42:35 [[32minfo[39m] Server running on port 5000
2025-10-20 20:42:39 [[32minfo[39m] Database connection established.
2025-10-20 20:42:40 [[32minfo[39m] Database synced
2025-10-20 20:42:40 [[32minfo[39m] Server running on port 5000
2025-10-20 20:43:02 [[32minfo[39m] Database connection established.
2025-10-20 20:43:03 [[32minfo[39m] Database synced
2025-10-20 20:43:03 [[32minfo[39m] Server running on port 5000
2025-10-20 20:44:11 [[32minfo[39m] Database connection established.
2025-10-20 20:44:12 [[32minfo[39m] Database synced
2025-10-20 20:44:12 [[32minfo[39m] Server running on port 5000
2025-10-21 14:45:19 [[32minfo[39m] Database connection established.
2025-10-21 14:45:19 [[32minfo[39m] Database synced
2025-10-21 14:45:19 [[32minfo[39m] Server running on port 5000
2025-10-21 14:53:25 [[32minfo[39m] Database connection established.
2025-10-21 14:53:25 [[32minfo[39m] Database synced
2025-10-21 14:53:25 [[32minfo[39m] Server running on port 5000
2025-10-21 14:57:08 [[32minfo[39m] Database connection established.
2025-10-21 14:57:08 [[32minfo[39m] Database synced
2025-10-21 14:57:08 [[32minfo[39m] Server running on port 5000
2025-10-21 14:59:12 [[32minfo[39m] Database connection established.
2025-10-21 14:59:13 [[32minfo[39m] Database synced
2025-10-21 14:59:13 [[32minfo[39m] Server running on port 5000
2025-10-21 15:06:49 [[32minfo[39m] Database connection established.
2025-10-21 15:06:50 [[32minfo[39m] Database synced
2025-10-21 15:06:50 [[32minfo[39m] Server running on port 5000
2025-10-21 15:11:18 [[32minfo[39m] Database connection established.
2025-10-21 15:11:18 [[32minfo[39m] Database synced
2025-10-21 15:11:18 [[32minfo[39m] Server running on port 5000
2025-10-21 15:13:44 [[32minfo[39m] Database connection established.
2025-10-21 15:13:45 [[32minfo[39m] Database synced
2025-10-21 15:13:45 [[32minfo[39m] Server running on port 5000
2025-10-21 15:15:43 [[32minfo[39m] Database connection established.
2025-10-21 15:15:43 [[32minfo[39m] Database synced
2025-10-21 15:15:43 [[32minfo[39m] Server running on port 5000
2025-10-21 15:18:22 [[32minfo[39m] Database connection established.
2025-10-21 15:18:28 [[31merror[39m] Database connection failed: SQLITE_BUSY: database is locked
2025-10-21 15:18:55 [[32minfo[39m] Database connection established.
2025-10-21 15:19:02 [[31merror[39m] Database connection failed: SQLITE_BUSY: database is locked
2025-10-21 15:19:13 [[32minfo[39m] Database connection established.
2025-10-21 15:19:14 [[32minfo[39m] Database synced
2025-10-21 15:19:14 [[32minfo[39m] Server running on port 5000
2025-10-21 15:20:11 [[32minfo[39m] Database connection established.
2025-10-21 15:20:12 [[32minfo[39m] Database synced
2025-10-21 15:20:12 [[32minfo[39m] Server running on port 5000
2025-10-21 15:44:38 [[32minfo[39m] Database connection established.
2025-10-21 15:44:39 [[32minfo[39m] Database synced
2025-10-21 15:44:39 [[32minfo[39m] Server running on port 5000
2025-10-21 15:48:24 [[32minfo[39m] Database connection established.
2025-10-21 15:48:24 [[32minfo[39m] Database synced
2025-10-21 15:48:24 [[32minfo[39m] Server running on port 5000
2025-10-21 16:04:20 [[32minfo[39m] Database connection established.
2025-10-21 16:04:21 [[32minfo[39m] Database synced
2025-10-21 16:04:21 [[32minfo[39m] Server running on port 5000
2025-10-21 16:21:59 [[32minfo[39m] Database connection established.
2025-10-21 16:22:00 [[32minfo[39m] Database synced
2025-10-21 16:22:00 [[32minfo[39m] Server running on port 5000
2025-10-21 16:27:24 [[32minfo[39m] Database connection established.
2025-10-21 16:27:25 [[32minfo[39m] Database synced
2025-10-21 16:27:25 [[32minfo[39m] Server running on port 5000
2025-10-21 16:28:42 [[32minfo[39m] Database connection established.
2025-10-21 16:28:43 [[32minfo[39m] Database synced
2025-10-21 16:28:43 [[32minfo[39m] Server running on port 5000
2025-10-21 16:32:17 [[32minfo[39m] Database connection established.
2025-10-21 16:32:18 [[32minfo[39m] Database synced
2025-10-21 16:32:18 [[32minfo[39m] Server running on port 5000
2025-10-21 16:36:59 [[32minfo[39m] Database connection established.
2025-10-21 16:37:00 [[32minfo[39m] Database synced
2025-10-21 16:37:00 [[32minfo[39m] Server running on port 5000
2025-10-21 16:37:33 [[32minfo[39m] Database connection established.
2025-10-21 16:37:34 [[32minfo[39m] Database synced
2025-10-21 16:37:34 [[32minfo[39m] Server running on port 5000
2025-10-21 16:38:40 [[32minfo[39m] Database connection established.
2025-10-21 16:38:41 [[32minfo[39m] Database synced
2025-10-21 16:38:41 [[32minfo[39m] Server running on port 5000
2025-10-21 16:46:34 [[32minfo[39m] Database connection established.
2025-10-21 16:46:35 [[32minfo[39m] Database synced
2025-10-21 16:46:35 [[32minfo[39m] Server running on port 5000
2025-10-21 16:48:02 [[32minfo[39m] Database connection established.
2025-10-21 16:48:03 [[32minfo[39m] Database synced
2025-10-21 16:48:03 [[32minfo[39m] Server running on port 5000
2025-10-21 16:51:31 [[32minfo[39m] Database connection established.
2025-10-21 16:51:32 [[32minfo[39m] Database synced
2025-10-21 16:51:32 [[32minfo[39m] Server running on port 5000
2025-10-21 16:51:38 [[32minfo[39m] Outgoing request: [GET] https://app.ticketmaster.com/discovery/v2/events.json
2025-10-21 16:51:39 [[31merror[39m] API request failed: https://app.ticketmaster.com/discovery/v2/events.json | Status: 401 | Message: Request failed with status code 401
2025-10-21 16:51:39 [[32minfo[39m] Outgoing request: [GET] https://app.ticketmaster.com/discovery/v2/events.json
2025-10-21 16:51:39 [[31merror[39m] API request failed: https://app.ticketmaster.com/discovery/v2/events.json | Status: 401 | Message: Request failed with status code 401
2025-10-21 17:00:00 [[32minfo[39m] Database connection established.
2025-10-21 17:00:01 [[32minfo[39m] Database synced
2025-10-21 17:00:01 [[32minfo[39m] Server running on port 5000
2025-10-21 17:00:08 [[32minfo[39m] Outgoing request: [GET] https://app.ticketmaster.com/discovery/v2/events.json
2025-10-21 17:00:09 [[31merror[39m] API request failed: https://app.ticketmaster.com/discovery/v2/events.json | Status: 401 | Message: Request failed with status code 401
2025-10-21 17:00:09 [[32minfo[39m] Outgoing request: [GET] https://app.ticketmaster.com/discovery/v2/events.json
2025-10-21 17:00:09 [[31merror[39m] API request failed: https://app.ticketmaster.com/discovery/v2/events.json | Status: 401 | Message: Request failed with status code 401
2025-10-21 17:02:19 [[32minfo[39m] Database connection established.
2025-10-21 17:02:20 [[32minfo[39m] Database synced
2025-10-21 17:02:20 [[32minfo[39m] Server running on port 5000
2025-10-21 17:06:13 [[32minfo[39m] Database connection established.
2025-10-21 17:06:13 [[32minfo[39m] Database synced
2025-10-21 17:06:13 [[32minfo[39m] Server running on port 5000
2025-10-21 17:07:39 [[32minfo[39m] Database connection established.
2025-10-21 17:07:39 [[32minfo[39m] Database synced
2025-10-21 17:07:39 [[32minfo[39m] Server running on port 5000
2025-10-21 17:07:41 [[31merror[39m] API request failed: https://app.ticketmaster.com/discovery/v2/events.json | Status: No status | Message: Ticketmaster API key missing from environment variables
2025-10-21 17:07:41 [[31merror[39m] API request failed: https://app.ticketmaster.com/discovery/v2/events.json | Status: No status | Message: Ticketmaster API key missing from environment variables
2025-10-21 17:07:48 [[31merror[39m] API request failed: https://app.ticketmaster.com/discovery/v2/events.json | Status: No status | Message: Ticketmaster API key missing from environment variables
2025-10-21 17:07:48 [[31merror[39m] API request failed: https://app.ticketmaster.com/discovery/v2/events.json | Status: No status | Message: Ticketmaster API key missing from environment variables
2025-10-21 18:09:07 [[32minfo[39m] Database connection established.
2025-10-21 18:09:08 [[32minfo[39m] Database synced
2025-10-21 18:09:08 [[32minfo[39m] Server running on port 5000
2025-10-21 18:19:13 [[32minfo[39m] Database connection established.
2025-10-21 18:19:13 [[32minfo[39m] Database synced
2025-10-21 18:19:13 [[32minfo[39m] Server running on port 5000
2025-10-21 18:21:44 [[32minfo[39m] Database connection established.
2025-10-21 18:21:44 [[32minfo[39m] Database synced
2025-10-21 18:21:44 [[32minfo[39m] Server running on port 5000
2025-10-21 18:23:21 [[32minfo[39m] Database connection established.
2025-10-21 18:23:21 [[32minfo[39m] Database synced
2025-10-21 18:23:21 [[32minfo[39m] Server running on port 5000
2025-10-21 18:25:20 [[32minfo[39m] Outgoing request: [GET] https://app.ticketmaster.com/discovery/v2/events.json
2025-10-21 18:25:20 [[32minfo[39m] Outgoing request: [GET] https://app.ticketmaster.com/discovery/v2/events.json
2025-10-21 18:25:20 [[32minfo[39m] Fetched 0 events from Ticketmaster
2025-10-21 18:25:20 [[32minfo[39m] Outgoing request: [GET] https://app.ticketmaster.com/discovery/v2/events.json
2025-10-21 18:25:20 [[32minfo[39m] Outgoing request: [GET] https://app.ticketmaster.com/discovery/v2/events.json
2025-10-21 18:25:21 [[32minfo[39m] Fetched 0 events from Ticketmaster
2025-10-21 18:26:27 [[32minfo[39m] Outgoing request: [GET] https://app.ticketmaster.com/discovery/v2/events.json
2025-10-21 18:26:27 [[32minfo[39m] Outgoing request: [GET] https://app.ticketmaster.com/discovery/v2/events.json
2025-10-21 18:26:27 [[32minfo[39m] Fetched 0 events from Ticketmaster
2025-10-21 18:26:27 [[32minfo[39m] Outgoing request: [GET] https://app.ticketmaster.com/discovery/v2/events.json
2025-10-21 18:26:27 [[32minfo[39m] Outgoing request: [GET] https://app.ticketmaster.com/discovery/v2/events.json
2025-10-21 18:26:27 [[32minfo[39m] Fetched 0 events from Ticketmaster
2025-10-21 18:40:16 [[32minfo[39m] Database connection established.
2025-10-21 18:40:16 [[32minfo[39m] Database synced
2025-10-21 18:40:16 [[32minfo[39m] Server running on port 5000
2025-10-21 18:40:23 [[32minfo[39m] Outgoing request: [GET] https://app.ticketmaster.com/discovery/v2/events.json
2025-10-21 18:40:23 [[32minfo[39m] Outgoing request: [GET] https://app.ticketmaster.com/discovery/v2/events.json
2025-10-21 18:40:23 [[32minfo[39m] Outgoing request: [GET] https://serpapi.com/search.json
2025-10-21 18:40:29 [[32minfo[39m] Fetched 0 events from Ticketmaster
2025-10-21 18:40:29 [[32minfo[39m] Outgoing request: [GET] https://app.ticketmaster.com/discovery/v2/events.json
2025-10-21 18:40:29 [[32minfo[39m] Outgoing request: [GET] https://app.ticketmaster.com/discovery/v2/events.json
2025-10-21 18:40:29 [[32minfo[39m] Outgoing request: [GET] https://serpapi.com/search.json
2025-10-21 18:40:29 [[32minfo[39m] Fetched 0 events from Ticketmaster
2025-10-21 18:43:29 [[32minfo[39m] Database connection established.
2025-10-21 18:43:30 [[32minfo[39m] Database synced
2025-10-21 18:43:30 [[32minfo[39m] Server running on port 5000
2025-10-21 18:43:32 [[32minfo[39m] Outgoing request: [GET] https://app.ticketmaster.com/discovery/v2/events.json
2025-10-21 18:43:32 [[32minfo[39m] Outgoing request: [GET] https://app.ticketmaster.com/discovery/v2/events.json
2025-10-21 18:43:32 [[32minfo[39m] Outgoing request: [GET] https://serpapi.com/search.json
2025-10-21 18:43:33 [[32minfo[39m] Fetched 0 events from Ticketmaster
2025-10-21 18:43:33 [[32minfo[39m] Outgoing request: [GET] https://app.ticketmaster.com/discovery/v2/events.json
2025-10-21 18:43:33 [[32minfo[39m] Outgoing request: [GET] https://app.ticketmaster.com/discovery/v2/events.json
2025-10-21 18:43:33 [[32minfo[39m] Outgoing request: [GET] https://serpapi.com/search.json
2025-10-21 18:43:33 [[32minfo[39m] Fetched 0 events from Ticketmaster
2025-10-21 18:48:27 [[32minfo[39m] Outgoing request: [GET] https://app.ticketmaster.com/discovery/v2/events.json
2025-10-21 18:48:27 [[32minfo[39m] Outgoing request: [GET] https://app.ticketmaster.com/discovery/v2/events.json
2025-10-21 18:48:27 [[32minfo[39m] Outgoing request: [GET] https://serpapi.com/search.json
2025-10-21 18:48:27 [[32minfo[39m] Fetched 0 events from Ticketmaster
2025-10-21 18:48:27 [[32minfo[39m] Outgoing request: [GET] https://app.ticketmaster.com/discovery/v2/events.json
2025-10-21 18:48:27 [[32minfo[39m] Outgoing request: [GET] https://app.ticketmaster.com/discovery/v2/events.json
2025-10-21 18:48:27 [[32minfo[39m] Outgoing request: [GET] https://serpapi.com/search.json
2025-10-21 18:48:27 [[32minfo[39m] Fetched 0 events from Ticketmaster
2025-10-21 18:48:28 [[32minfo[39m] Outgoing request: [GET] https://app.ticketmaster.com/discovery/v2/events.json
2025-10-21 18:48:28 [[32minfo[39m] Outgoing request: [GET] https://app.ticketmaster.com/discovery/v2/events.json
2025-10-21 18:48:28 [[32minfo[39m] Outgoing request: [GET] https://serpapi.com/search.json
2025-10-21 18:48:28 [[32minfo[39m] Fetched 0 events from Ticketmaster
2025-10-21 18:48:28 [[32minfo[39m] Outgoing request: [GET] https://app.ticketmaster.com/discovery/v2/events.json
2025-10-21 18:48:28 [[32minfo[39m] Outgoing request: [GET] https://app.ticketmaster.com/discovery/v2/events.json
2025-10-21 18:48:28 [[32minfo[39m] Outgoing request: [GET] https://serpapi.com/search.json
2025-10-21 18:48:28 [[32minfo[39m] Fetched 0 events from Ticketmaster
2025-10-21 18:48:41 [[32minfo[39m] Database connection established.
2025-10-21 18:48:42 [[32minfo[39m] Database synced
2025-10-21 18:48:42 [[32minfo[39m] Server running on port 5000
2025-10-21 18:48:53 [[32minfo[39m] Outgoing request: [GET] https://app.ticketmaster.com/discovery/v2/events.json
2025-10-21 18:48:53 [[32minfo[39m] Outgoing request: [GET] https://app.ticketmaster.com/discovery/v2/events.json
2025-10-21 18:48:53 [[32minfo[39m] Outgoing request: [GET] https://serpapi.com/search.json
2025-10-21 18:48:53 [[32minfo[39m] Fetched 0 events from Ticketmaster
2025-10-21 18:48:53 [[32minfo[39m] Outgoing request: [GET] https://app.ticketmaster.com/discovery/v2/events.json
2025-10-21 18:48:53 [[32minfo[39m] Outgoing request: [GET] https://app.ticketmaster.com/discovery/v2/events.json
2025-10-21 18:48:53 [[32minfo[39m] Outgoing request: [GET] https://serpapi.com/search.json
2025-10-21 18:48:53 [[32minfo[39m] Fetched 0 events from Ticketmaster
2025-10-21 18:49:06 [[32minfo[39m] Outgoing request: [GET] https://app.ticketmaster.com/discovery/v2/events.json
2025-10-21 18:49:06 [[32minfo[39m] Outgoing request: [GET] https://app.ticketmaster.com/discovery/v2/events.json
2025-10-21 18:49:06 [[32minfo[39m] Outgoing request: [GET] https://serpapi.com/search.json
2025-10-21 18:49:06 [[32minfo[39m] Fetched 0 events from Ticketmaster
2025-10-21 18:49:06 [[32minfo[39m] Outgoing request: [GET] https://app.ticketmaster.com/discovery/v2/events.json
2025-10-21 18:49:06 [[32minfo[39m] Outgoing request: [GET] https://app.ticketmaster.com/discovery/v2/events.json
2025-10-21 18:49:06 [[32minfo[39m] Outgoing request: [GET] https://serpapi.com/search.json
2025-10-21 18:49:06 [[32minfo[39m] Fetched 0 events from Ticketmaster
2025-10-21 18:58:02 [[32minfo[39m] Outgoing request: [GET] https://app.ticketmaster.com/discovery/v2/events.json
2025-10-21 18:58:02 [[32minfo[39m] Outgoing request: [GET] https://app.ticketmaster.com/discovery/v2/events.json
2025-10-21 18:58:02 [[32minfo[39m] Outgoing request: [GET] https://serpapi.com/search.json
2025-10-21 18:58:02 [[32minfo[39m] Fetched 0 events from Ticketmaster
2025-10-21 18:58:02 [[32minfo[39m] Outgoing request: [GET] https://app.ticketmaster.com/discovery/v2/events.json
2025-10-21 18:58:02 [[32minfo[39m] Outgoing request: [GET] https://app.ticketmaster.com/discovery/v2/events.json
2025-10-21 18:58:02 [[32minfo[39m] Outgoing request: [GET] https://serpapi.com/search.json
2025-10-21 18:58:02 [[32minfo[39m] Fetched 0 events from Ticketmaster
2025-10-21 18:58:08 [[32minfo[39m] Outgoing request: [GET] https://app.ticketmaster.com/discovery/v2/events.json
2025-10-21 18:58:08 [[32minfo[39m] Outgoing request: [GET] https://app.ticketmaster.com/discovery/v2/events.json
2025-10-21 18:58:08 [[32minfo[39m] Outgoing request: [GET] https://serpapi.com/search.json
2025-10-21 18:58:09 [[32minfo[39m] Fetched 0 events from Ticketmaster
2025-10-21 18:58:09 [[32minfo[39m] Outgoing request: [GET] https://app.ticketmaster.com/discovery/v2/events.json
2025-10-21 18:58:09 [[32minfo[39m] Outgoing request: [GET] https://app.ticketmaster.com/discovery/v2/events.json
2025-10-21 18:58:09 [[32minfo[39m] Outgoing request: [GET] https://serpapi.com/search.json
2025-10-21 18:58:09 [[32minfo[39m] Fetched 0 events from Ticketmaster
2025-10-21 18:58:58 [[32minfo[39m] Outgoing request: [GET] https://app.ticketmaster.com/discovery/v2/events.json
2025-10-21 18:58:58 [[32minfo[39m] Outgoing request: [GET] https://app.ticketmaster.com/discovery/v2/events.json
2025-10-21 18:58:58 [[32minfo[39m] Outgoing request: [GET] https://serpapi.com/search.json
2025-10-21 18:58:59 [[32minfo[39m] Fetched 0 events from Ticketmaster
2025-10-21 18:58:59 [[32minfo[39m] Outgoing request: [GET] https://app.ticketmaster.com/discovery/v2/events.json
2025-10-21 18:58:59 [[32minfo[39m] Outgoing request: [GET] https://app.ticketmaster.com/discovery/v2/events.json
2025-10-21 18:58:59 [[32minfo[39m] Outgoing request: [GET] https://serpapi.com/search.json
2025-10-21 18:58:59 [[32minfo[39m] Fetched 0 events from Ticketmaster
2025-10-22 14:28:48 [[32minfo[39m] Database connection established.
2025-10-22 14:28:48 [[32minfo[39m] Database synced
2025-10-22 14:28:48 [[32minfo[39m] Server running on port 5000
2025-10-22 14:29:59 [[32minfo[39m] Outgoing request: [GET] https://app.ticketmaster.com/discovery/v2/events.json
2025-10-22 14:29:59 [[32minfo[39m] Outgoing request: [GET] https://app.ticketmaster.com/discovery/v2/events.json
2025-10-22 14:29:59 [[32minfo[39m] Outgoing request: [GET] https://serpapi.com/search.json
2025-10-22 14:29:59 [[32minfo[39m] Fetched 0 events from Ticketmaster
2025-10-22 14:30:01 [[32minfo[39m] Outgoing request: [GET] https://app.ticketmaster.com/discovery/v2/events.json
2025-10-22 14:30:01 [[32minfo[39m] Outgoing request: [GET] https://app.ticketmaster.com/discovery/v2/events.json
2025-10-22 14:30:01 [[32minfo[39m] Outgoing request: [GET] https://serpapi.com/search.json
2025-10-22 14:30:01 [[32minfo[39m] Fetched 0 events from Ticketmaster
2025-10-22 14:30:40 [[32minfo[39m] Database connection established.
2025-10-22 14:30:40 [[32minfo[39m] Database synced
2025-10-22 14:30:40 [[32minfo[39m] Server running on port 5000
2025-10-22 14:30:48 [[32minfo[39m] Outgoing request: [GET] https://app.ticketmaster.com/discovery/v2/events.json
2025-10-22 14:30:48 [[32minfo[39m] Outgoing request: [GET] https://app.ticketmaster.com/discovery/v2/events.json
2025-10-22 14:30:48 [[32minfo[39m] Outgoing request: [GET] https://serpapi.com/search.json
2025-10-22 14:30:48 [[32minfo[39m] Fetched 0 events from Ticketmaster
2025-10-22 14:30:48 [[32minfo[39m] Outgoing request: [GET] https://app.ticketmaster.com/discovery/v2/events.json
2025-10-22 14:30:48 [[32minfo[39m] Outgoing request: [GET] https://app.ticketmaster.com/discovery/v2/events.json
2025-10-22 14:30:48 [[32minfo[39m] Outgoing request: [GET] https://serpapi.com/search.json
2025-10-22 14:30:48 [[32minfo[39m] Fetched 0 events from Ticketmaster
2025-10-22 14:30:58 [[32minfo[39m] Outgoing request: [GET] https://app.ticketmaster.com/discovery/v2/events.json
2025-10-22 14:30:58 [[32minfo[39m] Outgoing request: [GET] https://app.ticketmaster.com/discovery/v2/events.json
2025-10-22 14:30:58 [[32minfo[39m] Outgoing request: [GET] https://serpapi.com/search.json
2025-10-22 14:30:59 [[32minfo[39m] Fetched 0 events from Ticketmaster
2025-10-22 14:30:59 [[32minfo[39m] Outgoing request: [GET] https://app.ticketmaster.com/discovery/v2/events.json
2025-10-22 14:30:59 [[32minfo[39m] Outgoing request: [GET] https://app.ticketmaster.com/discovery/v2/events.json
2025-10-22 14:30:59 [[32minfo[39m] Outgoing request: [GET] https://serpapi.com/search.json
2025-10-22 14:30:59 [[32minfo[39m] Fetched 0 events from Ticketmaster
2025-10-22 14:31:34 [[32minfo[39m] Outgoing request: [GET] https://app.ticketmaster.com/discovery/v2/events.json
2025-10-22 14:31:34 [[32minfo[39m] Outgoing request: [GET] https://app.ticketmaster.com/discovery/v2/events.json
2025-10-22 14:31:34 [[32minfo[39m] Outgoing request: [GET] https://serpapi.com/search.json
2025-10-22 14:31:34 [[32minfo[39m] Fetched 0 events from Ticketmaster
2025-10-22 14:31:56 [[32minfo[39m] Outgoing request: [GET] https://app.ticketmaster.com/discovery/v2/events.json
2025-10-22 14:31:56 [[32minfo[39m] Outgoing request: [GET] https://app.ticketmaster.com/discovery/v2/events.json
2025-10-22 14:31:56 [[32minfo[39m] Outgoing request: [GET] https://serpapi.com/search.json
2025-10-22 14:31:57 [[32minfo[39m] Fetched 0 events from Ticketmaster
2025-10-22 14:32:53 [[32minfo[39m] Outgoing request: [GET] https://app.ticketmaster.com/discovery/v2/events.json
2025-10-22 14:32:53 [[32minfo[39m] Outgoing request: [GET] https://app.ticketmaster.com/discovery/v2/events.json
2025-10-22 14:32:53 [[32minfo[39m] Outgoing request: [GET] https://serpapi.com/search.json
2025-10-22 14:32:53 [[32minfo[39m] Fetched 0 events from Ticketmaster
2025-10-22 14:46:41 [[32minfo[39m] Outgoing request: [GET] https://app.ticketmaster.com/discovery/v2/events.json
2025-10-22 14:46:41 [[32minfo[39m] Outgoing request: [GET] https://app.ticketmaster.com/discovery/v2/events.json
2025-10-22 14:46:41 [[32minfo[39m] Outgoing request: [GET] https://serpapi.com/search.json
2025-10-22 14:46:42 [[32minfo[39m] Fetched 0 events from Ticketmaster
2025-10-22 14:46:42 [[32minfo[39m] Outgoing request: [GET] https://app.ticketmaster.com/discovery/v2/events.json
2025-10-22 14:46:42 [[32minfo[39m] Outgoing request: [GET] https://app.ticketmaster.com/discovery/v2/events.json
2025-10-22 14:46:42 [[32minfo[39m] Outgoing request: [GET] https://serpapi.com/search.json
2025-10-22 14:46:42 [[32minfo[39m] Fetched 0 events from Ticketmaster
2025-10-22 14:46:51 [[32minfo[39m] Outgoing request: [GET] https://app.ticketmaster.com/discovery/v2/events.json
2025-10-22 14:46:51 [[32minfo[39m] Outgoing request: [GET] https://app.ticketmaster.com/discovery/v2/events.json
2025-10-22 14:46:51 [[32minfo[39m] Outgoing request: [GET] https://serpapi.com/search.json
2025-10-22 14:46:52 [[32minfo[39m] Fetched 0 events from Ticketmaster
2025-10-22 14:46:52 [[32minfo[39m] Outgoing request: [GET] https://app.ticketmaster.com/discovery/v2/events.json
2025-10-22 14:46:52 [[32minfo[39m] Outgoing request: [GET] https://app.ticketmaster.com/discovery/v2/events.json
2025-10-22 14:46:52 [[32minfo[39m] Outgoing request: [GET] https://serpapi.com/search.json
2025-10-22 14:46:52 [[32minfo[39m] Fetched 0 events from Ticketmaster
2025-10-22 14:47:08 [[32minfo[39m] Outgoing request: [GET] https://app.ticketmaster.com/discovery/v2/events.json
2025-10-22 14:47:08 [[32minfo[39m] Outgoing request: [GET] https://app.ticketmaster.com/discovery/v2/events.json
2025-10-22 14:47:08 [[32minfo[39m] Outgoing request: [GET] https://serpapi.com/search.json
2025-10-22 14:47:09 [[32minfo[39m] Fetched 0 events from Ticketmaster
2025-10-22 14:47:09 [[32minfo[39m] Outgoing request: [GET] https://app.ticketmaster.com/discovery/v2/events.json
2025-10-22 14:47:09 [[32minfo[39m] Outgoing request: [GET] https://app.ticketmaster.com/discovery/v2/events.json
2025-10-22 14:47:09 [[32minfo[39m] Outgoing request: [GET] https://serpapi.com/search.json
2025-10-22 14:47:09 [[32minfo[39m] Fetched 0 events from Ticketmaster
2025-10-22 14:47:16 [[32minfo[39m] Outgoing request: [GET] https://app.ticketmaster.com/discovery/v2/events.json
2025-10-22 14:47:16 [[32minfo[39m] Outgoing request: [GET] https://app.ticketmaster.com/discovery/v2/events.json
2025-10-22 14:47:16 [[32minfo[39m] Outgoing request: [GET] https://serpapi.com/search.json
2025-10-22 14:47:17 [[32minfo[39m] Fetched 0 events from Ticketmaster
2025-10-22 14:47:17 [[32minfo[39m] Outgoing request: [GET] https://app.ticketmaster.com/discovery/v2/events.json
2025-10-22 14:47:17 [[32minfo[39m] Outgoing request: [GET] https://app.ticketmaster.com/discovery/v2/events.json
2025-10-22 14:47:17 [[32minfo[39m] Outgoing request: [GET] https://serpapi.com/search.json
2025-10-22 14:47:17 [[32minfo[39m] Fetched 0 events from Ticketmaster
2025-10-22 14:48:52 [[32minfo[39m] Outgoing request: [GET] https://app.ticketmaster.com/discovery/v2/events.json
2025-10-22 14:48:52 [[32minfo[39m] Outgoing request: [GET] https://app.ticketmaster.com/discovery/v2/events.json
2025-10-22 14:48:52 [[32minfo[39m] Outgoing request: [GET] https://serpapi.com/search.json
2025-10-22 14:48:52 [[32minfo[39m] Fetched 0 events from Ticketmaster
2025-10-22 14:48:52 [[32minfo[39m] Outgoing request: [GET] https://app.ticketmaster.com/discovery/v2/events.json
2025-10-22 14:48:52 [[32minfo[39m] Outgoing request: [GET] https://app.ticketmaster.com/discovery/v2/events.json
2025-10-22 14:48:52 [[32minfo[39m] Outgoing request: [GET] https://serpapi.com/search.json
2025-10-22 14:48:52 [[32minfo[39m] Fetched 0 events from Ticketmaster
2025-10-22 14:49:20 [[32minfo[39m] Outgoing request: [GET] https://app.ticketmaster.com/discovery/v2/events.json
2025-10-22 14:49:20 [[32minfo[39m] Outgoing request: [GET] https://app.ticketmaster.com/discovery/v2/events.json
2025-10-22 14:49:20 [[32minfo[39m] Outgoing request: [GET] https://serpapi.com/search.json
2025-10-22 14:49:21 [[32minfo[39m] Fetched 0 events from Ticketmaster
2025-10-22 14:49:21 [[32minfo[39m] Outgoing request: [GET] https://app.ticketmaster.com/discovery/v2/events.json
2025-10-22 14:49:21 [[32minfo[39m] Outgoing request: [GET] https://app.ticketmaster.com/discovery/v2/events.json
2025-10-22 14:49:21 [[32minfo[39m] Outgoing request: [GET] https://serpapi.com/search.json
2025-10-22 14:49:21 [[32minfo[39m] Fetched 0 events from Ticketmaster
2025-10-22 14:50:56 [[32minfo[39m] Outgoing request: [GET] https://app.ticketmaster.com/discovery/v2/events.json
2025-10-22 14:50:56 [[32minfo[39m] Outgoing request: [GET] https://app.ticketmaster.com/discovery/v2/events.json
2025-10-22 14:50:56 [[32minfo[39m] Outgoing request: [GET] https://serpapi.com/search.json
2025-10-22 14:50:56 [[32minfo[39m] Fetched 0 events from Ticketmaster
2025-10-22 14:50:56 [[32minfo[39m] Outgoing request: [GET] https://app.ticketmaster.com/discovery/v2/events.json
2025-10-22 14:50:56 [[32minfo[39m] Outgoing request: [GET] https://app.ticketmaster.com/discovery/v2/events.json
2025-10-22 14:50:56 [[32minfo[39m] Outgoing request: [GET] https://serpapi.com/search.json
2025-10-22 14:50:56 [[32minfo[39m] Fetched 0 events from Ticketmaster
2025-10-22 14:51:09 [[32minfo[39m] Outgoing request: [GET] https://app.ticketmaster.com/discovery/v2/events.json
2025-10-22 14:51:09 [[32minfo[39m] Outgoing request: [GET] https://app.ticketmaster.com/discovery/v2/events.json
2025-10-22 14:51:09 [[32minfo[39m] Outgoing request: [GET] https://serpapi.com/search.json
2025-10-22 14:51:10 [[32minfo[39m] Fetched 0 events from Ticketmaster
2025-10-22 14:51:10 [[32minfo[39m] Outgoing request: [GET] https://app.ticketmaster.com/discovery/v2/events.json
2025-10-22 14:51:10 [[32minfo[39m] Outgoing request: [GET] https://app.ticketmaster.com/discovery/v2/events.json
2025-10-22 14:51:10 [[32minfo[39m] Outgoing request: [GET] https://serpapi.com/search.json
2025-10-22 14:51:10 [[32minfo[39m] Fetched 0 events from Ticketmaster
2025-10-22 14:51:12 [[32minfo[39m] Outgoing request: [GET] https://app.ticketmaster.com/discovery/v2/events.json
2025-10-22 14:51:12 [[32minfo[39m] Outgoing request: [GET] https://app.ticketmaster.com/discovery/v2/events.json
2025-10-22 14:51:12 [[32minfo[39m] Outgoing request: [GET] https://serpapi.com/search.json
2025-10-22 14:51:12 [[32minfo[39m] Fetched 0 events from Ticketmaster
2025-10-22 14:51:12 [[32minfo[39m] Outgoing request: [GET] https://app.ticketmaster.com/discovery/v2/events.json
2025-10-22 14:51:12 [[32minfo[39m] Outgoing request: [GET] https://app.ticketmaster.com/discovery/v2/events.json
2025-10-22 14:51:12 [[32minfo[39m] Outgoing request: [GET] https://serpapi.com/search.json
2025-10-22 14:51:13 [[32minfo[39m] Fetched 0 events from Ticketmaster
2025-10-22 14:51:23 [[32minfo[39m] Outgoing request: [GET] https://app.ticketmaster.com/discovery/v2/events.json
2025-10-22 14:51:23 [[32minfo[39m] Outgoing request: [GET] https://app.ticketmaster.com/discovery/v2/events.json
2025-10-22 14:51:23 [[32minfo[39m] Outgoing request: [GET] https://serpapi.com/search.json
2025-10-22 14:51:23 [[32minfo[39m] Fetched 0 events from Ticketmaster
2025-10-22 14:51:29 [[32minfo[39m] Outgoing request: [GET] https://app.ticketmaster.com/discovery/v2/events.json
2025-10-22 14:51:29 [[32minfo[39m] Outgoing request: [GET] https://app.ticketmaster.com/discovery/v2/events.json
2025-10-22 14:51:29 [[32minfo[39m] Outgoing request: [GET] https://serpapi.com/search.json
2025-10-22 14:51:29 [[32minfo[39m] Fetched 0 events from Ticketmaster
2025-10-22 14:51:29 [[32minfo[39m] Outgoing request: [GET] https://app.ticketmaster.com/discovery/v2/events.json
2025-10-22 14:51:29 [[32minfo[39m] Outgoing request: [GET] https://app.ticketmaster.com/discovery/v2/events.json
2025-10-22 14:51:29 [[32minfo[39m] Outgoing request: [GET] https://serpapi.com/search.json
2025-10-22 14:51:29 [[32minfo[39m] Fetched 0 events from Ticketmaster
2025-10-22 14:52:51 [[32minfo[39m] Outgoing request: [GET] https://app.ticketmaster.com/discovery/v2/events.json
2025-10-22 14:52:51 [[32minfo[39m] Outgoing request: [GET] https://app.ticketmaster.com/discovery/v2/events.json
2025-10-22 14:52:51 [[32minfo[39m] Outgoing request: [GET] https://serpapi.com/search.json
2025-10-22 14:52:51 [[32minfo[39m] Outgoing request: [GET] https://app.ticketmaster.com/discovery/v2/events.json
2025-10-22 14:52:51 [[32minfo[39m] Outgoing request: [GET] https://app.ticketmaster.com/discovery/v2/events.json
2025-10-22 14:52:51 [[32minfo[39m] Outgoing request: [GET] https://serpapi.com/search.json
2025-10-22 14:52:51 [[32minfo[39m] Fetched 0 events from Ticketmaster
2025-10-22 14:52:51 [[32minfo[39m] Fetched 0 events from Ticketmaster
2025-10-22 16:01:42 [[32minfo[39m] Database connection established.
2025-10-22 16:01:43 [[32minfo[39m] Database synced
2025-10-22 16:01:43 [[32minfo[39m] Server running on port 5000
2025-10-22 16:01:48 [[32minfo[39m] Outgoing request: [GET] https://app.ticketmaster.com/discovery/v2/events.json
2025-10-22 16:01:48 [[32minfo[39m] Outgoing request: [GET] https://app.ticketmaster.com/discovery/v2/events.json
2025-10-22 16:01:48 [[32minfo[39m] Outgoing request: [GET] https://serpapi.com/search.json
2025-10-22 16:01:48 [[32minfo[39m] Outgoing request: [GET] https://app.ticketmaster.com/discovery/v2/events.json
2025-10-22 16:01:48 [[32minfo[39m] Outgoing request: [GET] https://app.ticketmaster.com/discovery/v2/events.json
2025-10-22 16:01:48 [[32minfo[39m] Outgoing request: [GET] https://serpapi.com/search.json
2025-10-22 16:01:48 [[32minfo[39m] Fetched 0 events from Ticketmaster
2025-10-22 16:01:48 [[32minfo[39m] Fetched 0 events from Ticketmaster
2025-10-22 16:01:51 [[32minfo[39m] Outgoing request: [GET] https://app.ticketmaster.com/discovery/v2/events.json
2025-10-22 16:01:51 [[32minfo[39m] Outgoing request: [GET] https://app.ticketmaster.com/discovery/v2/events.json
2025-10-22 16:01:51 [[32minfo[39m] Outgoing request: [GET] https://serpapi.com/search.json
2025-10-22 16:01:51 [[32minfo[39m] Fetched 0 events from Ticketmaster
2025-10-22 16:39:51 [[32minfo[39m] Outgoing request: [GET] https://app.ticketmaster.com/discovery/v2/events.json
2025-10-22 16:39:51 [[32minfo[39m] Outgoing request: [GET] https://app.ticketmaster.com/discovery/v2/events.json
2025-10-22 16:39:51 [[32minfo[39m] Outgoing request: [GET] https://serpapi.com/search.json
2025-10-22 16:39:51 [[32minfo[39m] Fetched 0 events from Ticketmaster
2025-10-22 16:39:54 [[32minfo[39m] Outgoing request: [GET] https://app.ticketmaster.com/discovery/v2/events.json
2025-10-22 16:39:54 [[32minfo[39m] Outgoing request: [GET] https://app.ticketmaster.com/discovery/v2/events.json
2025-10-22 16:39:54 [[32minfo[39m] Outgoing request: [GET] https://serpapi.com/search.json
2025-10-22 16:39:54 [[32minfo[39m] Fetched 0 events from Ticketmaster
2025-10-22 16:39:59 [[32minfo[39m] Outgoing request: [GET] https://app.ticketmaster.com/discovery/v2/events.json
2025-10-22 16:39:59 [[32minfo[39m] Outgoing request: [GET] https://app.ticketmaster.com/discovery/v2/events.json
2025-10-22 16:39:59 [[32minfo[39m] Outgoing request: [GET] https://serpapi.com/search.json
2025-10-22 16:40:00 [[32minfo[39m] Fetched 0 events from Ticketmaster
2025-10-22 16:40:01 [[32minfo[39m] Outgoing request: [GET] https://app.ticketmaster.com/discovery/v2/events.json
2025-10-22 16:40:01 [[32minfo[39m] Outgoing request: [GET] https://app.ticketmaster.com/discovery/v2/events.json
2025-10-22 16:40:01 [[32minfo[39m] Outgoing request: [GET] https://serpapi.com/search.json
2025-10-22 16:40:01 [[32minfo[39m] Fetched 0 events from Ticketmaster
2025-10-22 16:50:49 [[32minfo[39m] Outgoing request: [GET] https://app.ticketmaster.com/discovery/v2/events.json
2025-10-22 16:50:49 [[32minfo[39m] Outgoing request: [GET] https://app.ticketmaster.com/discovery/v2/events.json
2025-10-22 16:50:49 [[32minfo[39m] Outgoing request: [GET] https://serpapi.com/search.json
2025-10-22 16:50:49 [[32minfo[39m] Outgoing request: [GET] https://app.ticketmaster.com/discovery/v2/events.json
2025-10-22 16:50:49 [[32minfo[39m] Outgoing request: [GET] https://app.ticketmaster.com/discovery/v2/events.json
2025-10-22 16:50:49 [[32minfo[39m] Outgoing request: [GET] https://serpapi.com/search.json
2025-10-22 16:50:49 [[32minfo[39m] Fetched 0 events from Ticketmaster
2025-10-22 16:50:49 [[32minfo[39m] Fetched 0 events from Ticketmaster
2025-10-22 16:50:50 [[32minfo[39m] Outgoing request: [GET] https://app.ticketmaster.com/discovery/v2/events.json
2025-10-22 16:50:50 [[32minfo[39m] Outgoing request: [GET] https://app.ticketmaster.com/discovery/v2/events.json
2025-10-22 16:50:50 [[32minfo[39m] Outgoing request: [GET] https://serpapi.com/search.json
2025-10-22 16:50:50 [[32minfo[39m] Outgoing request: [GET] https://app.ticketmaster.com/discovery/v2/events.json
2025-10-22 16:50:50 [[32minfo[39m] Outgoing request: [GET] https://app.ticketmaster.com/discovery/v2/events.json
2025-10-22 16:50:50 [[32minfo[39m] Outgoing request: [GET] https://serpapi.com/search.json
2025-10-22 16:50:50 [[32minfo[39m] Fetched 0 events from Ticketmaster
2025-10-22 16:50:50 [[32minfo[39m] Fetched 0 events from Ticketmaster
2025-10-22 16:50:51 [[32minfo[39m] Outgoing request: [GET] https://app.ticketmaster.com/discovery/v2/events.json
2025-10-22 16:50:51 [[32minfo[39m] Outgoing request: [GET] https://app.ticketmaster.com/discovery/v2/events.json
2025-10-22 16:50:51 [[32minfo[39m] Outgoing request: [GET] https://serpapi.com/search.json
2025-10-22 16:50:51 [[32minfo[39m] Outgoing request: [GET] https://app.ticketmaster.com/discovery/v2/events.json
2025-10-22 16:50:51 [[32minfo[39m] Outgoing request: [GET] https://app.ticketmaster.com/discovery/v2/events.json
2025-10-22 16:50:51 [[32minfo[39m] Outgoing request: [GET] https://serpapi.com/search.json
2025-10-22 16:50:51 [[32minfo[39m] Fetched 0 events from Ticketmaster
2025-10-22 16:50:51 [[32minfo[39m] Fetched 0 events from Ticketmaster
2025-10-22 16:51:08 [[32minfo[39m] Database connection established.
2025-10-22 16:51:08 [[32minfo[39m] Database synced
2025-10-22 16:51:08 [[32minfo[39m] Server running on port 5000
2025-10-22 16:53:51 [[32minfo[39m] Database connection established.
2025-10-22 16:53:51 [[32minfo[39m] Database synced
2025-10-22 16:53:51 [[32minfo[39m] Server running on port 5000
2025-10-22 16:56:30 [[32minfo[39m] Database connection established.
2025-10-22 16:56:31 [[32minfo[39m] Database synced
2025-10-22 16:56:31 [[32minfo[39m] Server running on port 5000
2025-10-22 16:56:34 [[32minfo[39m] Outgoing request: [GET] https://app.ticketmaster.com/discovery/v2/events.json
2025-10-22 16:56:34 [[32minfo[39m] Outgoing request: [GET] https://app.ticketmaster.com/discovery/v2/events.json
2025-10-22 16:56:34 [[32minfo[39m] Outgoing request: [GET] https://serpapi.com/search.json
2025-10-22 16:56:34 [[32minfo[39m] Outgoing request: [GET] https://app.ticketmaster.com/discovery/v2/events.json
2025-10-22 16:56:34 [[32minfo[39m] Outgoing request: [GET] https://app.ticketmaster.com/discovery/v2/events.json
2025-10-22 16:56:34 [[32minfo[39m] Outgoing request: [GET] https://serpapi.com/search.json
2025-10-22 16:56:35 [[32minfo[39m] Fetched 0 events from Ticketmaster
2025-10-22 16:56:35 [[31merror[39m] Cannot set headers after they are sent to the client
2025-10-22 16:56:35 [[31merror[39m] [GET] /api/recommendations?page=1&t=1761141394799 - Cannot set headers after they are sent to the client
2025-10-22 16:56:35 [[32minfo[39m] Fetched 0 events from Ticketmaster
2025-10-22 16:56:35 [[31merror[39m] Cannot set headers after they are sent to the client
2025-10-22 16:56:35 [[31merror[39m] [GET] /api/recommendations?page=1&t=1761141394802 - Cannot set headers after they are sent to the client
2025-10-22 16:57:08 [[32minfo[39m] Database connection established.
2025-10-22 16:57:09 [[32minfo[39m] Database synced
2025-10-22 16:57:09 [[32minfo[39m] Server running on port 5000
2025-10-22 16:58:41 [[32minfo[39m] Database connection established.
2025-10-22 16:58:42 [[32minfo[39m] Database synced
2025-10-22 16:58:42 [[32minfo[39m] Server running on port 5000
2025-10-22 16:58:44 [[32minfo[39m] Outgoing request: [GET] https://app.ticketmaster.com/discovery/v2/events.json
2025-10-22 16:58:44 [[32minfo[39m] Outgoing request: [GET] https://app.ticketmaster.com/discovery/v2/events.json
2025-10-22 16:58:44 [[32minfo[39m] Outgoing request: [GET] https://serpapi.com/search.json
2025-10-22 16:58:44 [[32minfo[39m] Outgoing request: [GET] https://app.ticketmaster.com/discovery/v2/events.json
2025-10-22 16:58:44 [[32minfo[39m] Outgoing request: [GET] https://app.ticketmaster.com/discovery/v2/events.json
2025-10-22 16:58:44 [[32minfo[39m] Outgoing request: [GET] https://serpapi.com/search.json
2025-10-22 16:58:45 [[32minfo[39m] Fetched 0 events from Ticketmaster
2025-10-22 16:58:45 [[32minfo[39m] Fetched 0 events from Ticketmaster
2025-10-22 17:01:31 [[32minfo[39m] Database connection established.
2025-10-22 17:01:32 [[32minfo[39m] Database synced
2025-10-22 17:01:32 [[32minfo[39m] Server running on port 5000
2025-10-22 17:01:35 [[32minfo[39m] Outgoing request: [GET] https://app.ticketmaster.com/discovery/v2/events.json
2025-10-22 17:01:35 [[32minfo[39m] Outgoing request: [GET] https://app.ticketmaster.com/discovery/v2/events.json
2025-10-22 17:01:35 [[32minfo[39m] Outgoing request: [GET] https://serpapi.com/search.json
2025-10-22 17:01:35 [[32minfo[39m] Outgoing request: [GET] https://app.ticketmaster.com/discovery/v2/events.json
2025-10-22 17:01:35 [[32minfo[39m] Outgoing request: [GET] https://app.ticketmaster.com/discovery/v2/events.json
2025-10-22 17:01:35 [[32minfo[39m] Outgoing request: [GET] https://serpapi.com/search.json
2025-10-22 17:01:35 [[32minfo[39m] Fetched 0 events from Ticketmaster
2025-10-22 17:01:35 [[32minfo[39m] Fetched 0 events from Ticketmaster
2025-10-22 17:01:46 [[32minfo[39m] Outgoing request: [GET] https://app.ticketmaster.com/discovery/v2/events.json
2025-10-22 17:01:46 [[32minfo[39m] Outgoing request: [GET] https://app.ticketmaster.com/discovery/v2/events.json
2025-10-22 17:01:46 [[32minfo[39m] Outgoing request: [GET] https://serpapi.com/search.json
2025-10-22 17:01:46 [[32minfo[39m] Outgoing request: [GET] https://app.ticketmaster.com/discovery/v2/events.json
2025-10-22 17:01:46 [[32minfo[39m] Outgoing request: [GET] https://app.ticketmaster.com/discovery/v2/events.json
2025-10-22 17:01:46 [[32minfo[39m] Outgoing request: [GET] https://serpapi.com/search.json
2025-10-22 17:01:47 [[32minfo[39m] Fetched 0 events from Ticketmaster
2025-10-22 17:01:47 [[32minfo[39m] Fetched 0 events from Ticketmaster
2025-10-22 17:04:58 [[32minfo[39m] Database connection established.
2025-10-22 17:04:58 [[32minfo[39m] Database synced
2025-10-22 17:04:58 [[32minfo[39m] Server running on port 5000
2025-10-22 17:05:03 [[32minfo[39m] Outgoing request: [GET] https://app.ticketmaster.com/discovery/v2/events.json
2025-10-22 17:05:03 [[32minfo[39m] Outgoing request: [GET] https://app.ticketmaster.com/discovery/v2/events.json
2025-10-22 17:05:03 [[32minfo[39m] Outgoing request: [GET] https://serpapi.com/search.json
2025-10-22 17:05:03 [[32minfo[39m] Outgoing request: [GET] https://app.ticketmaster.com/discovery/v2/events.json
2025-10-22 17:05:03 [[32minfo[39m] Outgoing request: [GET] https://app.ticketmaster.com/discovery/v2/events.json
2025-10-22 17:05:03 [[32minfo[39m] Outgoing request: [GET] https://serpapi.com/search.json
2025-10-22 17:05:03 [[32minfo[39m] Fetched 0 events from Ticketmaster
2025-10-22 17:05:03 [[32minfo[39m] Fetched 0 events from Ticketmaster
2025-10-22 17:05:09 [[32minfo[39m] Outgoing request: [GET] https://app.ticketmaster.com/discovery/v2/events.json
2025-10-22 17:05:09 [[32minfo[39m] Outgoing request: [GET] https://app.ticketmaster.com/discovery/v2/events.json
2025-10-22 17:05:09 [[32minfo[39m] Outgoing request: [GET] https://serpapi.com/search.json
2025-10-22 17:05:10 [[32minfo[39m] Fetched 0 events from Ticketmaster
2025-10-22 17:05:32 [[32minfo[39m] Outgoing request: [GET] https://app.ticketmaster.com/discovery/v2/events.json
2025-10-22 17:05:32 [[32minfo[39m] Outgoing request: [GET] https://app.ticketmaster.com/discovery/v2/events.json
2025-10-22 17:05:32 [[32minfo[39m] Outgoing request: [GET] https://serpapi.com/search.json
2025-10-22 17:05:32 [[32minfo[39m] Outgoing request: [GET] https://app.ticketmaster.com/discovery/v2/events.json
2025-10-22 17:05:32 [[32minfo[39m] Outgoing request: [GET] https://app.ticketmaster.com/discovery/v2/events.json
2025-10-22 17:05:32 [[32minfo[39m] Outgoing request: [GET] https://serpapi.com/search.json
2025-10-22 17:05:33 [[32minfo[39m] Fetched 0 events from Ticketmaster
2025-10-22 17:05:33 [[32minfo[39m] Fetched 0 events from Ticketmaster
2025-10-22 17:10:26 [[32minfo[39m] Database connection established.
2025-10-22 17:10:27 [[32minfo[39m] Database synced
2025-10-22 17:10:27 [[32minfo[39m] Server running on port 5000
2025-10-22 17:10:30 [[32minfo[39m] Outgoing request: [GET] https://app.ticketmaster.com/discovery/v2/events.json
2025-10-22 17:10:30 [[32minfo[39m] Outgoing request: [GET] https://app.ticketmaster.com/discovery/v2/events.json
2025-10-22 17:10:30 [[32minfo[39m] Outgoing request: [GET] https://serpapi.com/search.json
2025-10-22 17:10:30 [[32minfo[39m] Outgoing request: [GET] https://app.ticketmaster.com/discovery/v2/events.json
2025-10-22 17:10:30 [[32minfo[39m] Outgoing request: [GET] https://app.ticketmaster.com/discovery/v2/events.json
2025-10-22 17:10:30 [[32minfo[39m] Outgoing request: [GET] https://serpapi.com/search.json
2025-10-22 17:10:30 [[32minfo[39m] Fetched 0 events from Ticketmaster
2025-10-22 17:10:30 [[31merror[39m] Cannot set headers after they are sent to the client
2025-10-22 17:10:30 [[31merror[39m] [GET] /api/recommendations?page=1&t=1761142230488 - Cannot set headers after they are sent to the client
2025-10-22 17:10:30 [[32minfo[39m] Fetched 0 events from Ticketmaster
2025-10-22 17:10:30 [[31merror[39m] Cannot set headers after they are sent to the client
2025-10-22 17:10:30 [[31merror[39m] [GET] /api/recommendations?page=1&t=1761142230492 - Cannot set headers after they are sent to the client
2025-10-22 17:10:43 [[32minfo[39m] Outgoing request: [GET] https://app.ticketmaster.com/discovery/v2/events.json
2025-10-22 17:10:43 [[32minfo[39m] Outgoing request: [GET] https://app.ticketmaster.com/discovery/v2/events.json
2025-10-22 17:10:43 [[32minfo[39m] Outgoing request: [GET] https://serpapi.com/search.json
2025-10-22 17:10:43 [[32minfo[39m] Fetched 0 events from Ticketmaster
2025-10-22 17:10:43 [[31merror[39m] Cannot set headers after they are sent to the client
2025-10-22 17:10:43 [[31merror[39m] [GET] /api/recommendations?page=1&t=1761142243555 - Cannot set headers after they are sent to the client
2025-10-22 17:10:55 [[32minfo[39m] Outgoing request: [GET] https://app.ticketmaster.com/discovery/v2/events.json
2025-10-22 17:10:55 [[32minfo[39m] Outgoing request: [GET] https://app.ticketmaster.com/discovery/v2/events.json
2025-10-22 17:10:55 [[32minfo[39m] Outgoing request: [GET] https://serpapi.com/search.json
2025-10-22 17:10:55 [[32minfo[39m] Fetched 0 events from Ticketmaster
2025-10-22 17:10:55 [[31merror[39m] Cannot set headers after they are sent to the client
2025-10-22 17:10:55 [[31merror[39m] [GET] /api/recommendations?page=2&t=1761142255262 - Cannot set headers after they are sent to the client
2025-10-22 17:10:57 [[32minfo[39m] Outgoing request: [GET] https://app.ticketmaster.com/discovery/v2/events.json
2025-10-22 17:10:57 [[32minfo[39m] Outgoing request: [GET] https://app.ticketmaster.com/discovery/v2/events.json
2025-10-22 17:10:57 [[32minfo[39m] Outgoing request: [GET] https://serpapi.com/search.json
2025-10-22 17:10:57 [[32minfo[39m] Fetched 0 events from Ticketmaster
2025-10-22 17:10:57 [[31merror[39m] Cannot set headers after they are sent to the client
2025-10-22 17:10:57 [[31merror[39m] [GET] /api/recommendations?page=3&t=1761142257243 - Cannot set headers after they are sent to the client
2025-10-22 17:10:58 [[32minfo[39m] Outgoing request: [GET] https://app.ticketmaster.com/discovery/v2/events.json
2025-10-22 17:10:58 [[32minfo[39m] Outgoing request: [GET] https://app.ticketmaster.com/discovery/v2/events.json
2025-10-22 17:10:58 [[32minfo[39m] Outgoing request: [GET] https://serpapi.com/search.json
2025-10-22 17:10:58 [[32minfo[39m] Fetched 0 events from Ticketmaster
2025-10-22 17:10:58 [[31merror[39m] Cannot set headers after they are sent to the client
2025-10-22 17:10:58 [[31merror[39m] [GET] /api/recommendations?page=4&t=1761142258158 - Cannot set headers after they are sent to the client
2025-10-22 17:12:25 [[32minfo[39m] Database connection established.
2025-10-22 17:12:25 [[32minfo[39m] Database synced
2025-10-22 17:12:25 [[32minfo[39m] Server running on port 5000
2025-10-22 17:12:28 [[32minfo[39m] Outgoing request: [GET] https://app.ticketmaster.com/discovery/v2/events.json
2025-10-22 17:12:28 [[32minfo[39m] Outgoing request: [GET] https://app.ticketmaster.com/discovery/v2/events.json
2025-10-22 17:12:28 [[32minfo[39m] Outgoing request: [GET] https://serpapi.com/search.json
2025-10-22 17:12:28 [[32minfo[39m] Outgoing request: [GET] https://app.ticketmaster.com/discovery/v2/events.json
2025-10-22 17:12:28 [[32minfo[39m] Outgoing request: [GET] https://app.ticketmaster.com/discovery/v2/events.json
2025-10-22 17:12:28 [[32minfo[39m] Outgoing request: [GET] https://serpapi.com/search.json
2025-10-22 17:12:28 [[32minfo[39m] Fetched 0 events from Ticketmaster
2025-10-22 17:12:28 [[32minfo[39m] Fetched 0 events from Ticketmaster
2025-10-22 17:12:31 [[32minfo[39m] Outgoing request: [GET] https://app.ticketmaster.com/discovery/v2/events.json
2025-10-22 17:12:31 [[32minfo[39m] Outgoing request: [GET] https://app.ticketmaster.com/discovery/v2/events.json
2025-10-22 17:12:31 [[32minfo[39m] Outgoing request: [GET] https://serpapi.com/search.json
2025-10-22 17:12:31 [[32minfo[39m] Fetched 0 events from Ticketmaster
2025-10-22 17:12:35 [[32minfo[39m] Outgoing request: [GET] https://app.ticketmaster.com/discovery/v2/events.json
2025-10-22 17:12:35 [[32minfo[39m] Outgoing request: [GET] https://app.ticketmaster.com/discovery/v2/events.json
2025-10-22 17:12:35 [[32minfo[39m] Outgoing request: [GET] https://serpapi.com/search.json
2025-10-22 17:12:35 [[32minfo[39m] Fetched 0 events from Ticketmaster
2025-10-22 17:12:36 [[32minfo[39m] Outgoing request: [GET] https://app.ticketmaster.com/discovery/v2/events.json
2025-10-22 17:12:36 [[32minfo[39m] Outgoing request: [GET] https://app.ticketmaster.com/discovery/v2/events.json
2025-10-22 17:12:36 [[32minfo[39m] Outgoing request: [GET] https://serpapi.com/search.json
2025-10-22 17:12:36 [[32minfo[39m] Fetched 0 events from Ticketmaster
2025-10-22 17:14:01 [[32minfo[39m] Outgoing request: [GET] https://app.ticketmaster.com/discovery/v2/events.json
2025-10-22 17:14:01 [[32minfo[39m] Outgoing request: [GET] https://app.ticketmaster.com/discovery/v2/events.json
2025-10-22 17:14:01 [[32minfo[39m] Outgoing request: [GET] https://serpapi.com/search.json
2025-10-22 17:14:01 [[32minfo[39m] Outgoing request: [GET] https://app.ticketmaster.com/discovery/v2/events.json
2025-10-22 17:14:01 [[32minfo[39m] Outgoing request: [GET] https://app.ticketmaster.com/discovery/v2/events.json
2025-10-22 17:14:01 [[32minfo[39m] Outgoing request: [GET] https://serpapi.com/search.json
2025-10-22 17:14:01 [[32minfo[39m] Fetched 0 events from Ticketmaster
2025-10-22 17:14:01 [[32minfo[39m] Fetched 0 events from Ticketmaster
2025-10-22 17:14:04 [[32minfo[39m] Outgoing request: [GET] https://app.ticketmaster.com/discovery/v2/events.json
2025-10-22 17:14:04 [[32minfo[39m] Outgoing request: [GET] https://app.ticketmaster.com/discovery/v2/events.json
2025-10-22 17:14:04 [[32minfo[39m] Outgoing request: [GET] https://serpapi.com/search.json
2025-10-22 17:14:04 [[32minfo[39m] Fetched 0 events from Ticketmaster
2025-10-22 17:14:30 [[32minfo[39m] Outgoing request: [GET] https://app.ticketmaster.com/discovery/v2/events.json
2025-10-22 17:14:30 [[32minfo[39m] Outgoing request: [GET] https://app.ticketmaster.com/discovery/v2/events.json
2025-10-22 17:14:30 [[32minfo[39m] Outgoing request: [GET] https://serpapi.com/search.json
2025-10-22 17:14:31 [[32minfo[39m] Fetched 0 events from Ticketmaster
2025-10-22 17:17:19 [[32minfo[39m] Outgoing request: [GET] https://app.ticketmaster.com/discovery/v2/events.json
2025-10-22 17:17:19 [[32minfo[39m] Outgoing request: [GET] https://app.ticketmaster.com/discovery/v2/events.json
2025-10-22 17:17:19 [[32minfo[39m] Outgoing request: [GET] https://serpapi.com/search.json
2025-10-22 17:17:20 [[32minfo[39m] Fetched 0 events from Ticketmaster
2025-10-22 17:19:37 [[32minfo[39m] Outgoing request: [GET] https://app.ticketmaster.com/discovery/v2/events.json
2025-10-22 17:19:37 [[32minfo[39m] Outgoing request: [GET] https://app.ticketmaster.com/discovery/v2/events.json
2025-10-22 17:19:37 [[32minfo[39m] Outgoing request: [GET] https://serpapi.com/search.json
2025-10-22 17:19:37 [[32minfo[39m] Fetched 20 events from Ticketmaster
2025-10-22 17:19:41 [[32minfo[39m] Outgoing request: [GET] https://app.ticketmaster.com/discovery/v2/events.json
2025-10-22 17:19:41 [[32minfo[39m] Outgoing request: [GET] https://app.ticketmaster.com/discovery/v2/events.json
2025-10-22 17:19:41 [[32minfo[39m] Outgoing request: [GET] https://serpapi.com/search.json
2025-10-22 17:19:41 [[32minfo[39m] Fetched 20 events from Ticketmaster
2025-10-22 17:19:43 [[32minfo[39m] Outgoing request: [GET] https://app.ticketmaster.com/discovery/v2/events.json
2025-10-22 17:19:43 [[32minfo[39m] Outgoing request: [GET] https://app.ticketmaster.com/discovery/v2/events.json
2025-10-22 17:19:43 [[32minfo[39m] Outgoing request: [GET] https://serpapi.com/search.json
2025-10-22 17:19:43 [[32minfo[39m] Fetched 20 events from Ticketmaster
2025-10-22 17:25:05 [[32minfo[39m] Outgoing request: [GET] https://app.ticketmaster.com/discovery/v2/events.json
2025-10-22 17:25:05 [[32minfo[39m] Outgoing request: [GET] https://app.ticketmaster.com/discovery/v2/events.json
2025-10-22 17:25:05 [[32minfo[39m] Outgoing request: [GET] https://serpapi.com/search.json
2025-10-22 17:25:05 [[32minfo[39m] Fetched 20 events from Ticketmaster
2025-10-22 17:25:38 [[32minfo[39m] Outgoing request: [GET] https://app.ticketmaster.com/discovery/v2/events.json
2025-10-22 17:25:38 [[32minfo[39m] Outgoing request: [GET] https://app.ticketmaster.com/discovery/v2/events.json
2025-10-22 17:25:38 [[32minfo[39m] Outgoing request: [GET] https://serpapi.com/search.json
2025-10-22 17:25:38 [[32minfo[39m] Outgoing request: [GET] https://app.ticketmaster.com/discovery/v2/events.json
2025-10-22 17:25:38 [[32minfo[39m] Outgoing request: [GET] https://app.ticketmaster.com/discovery/v2/events.json
2025-10-22 17:25:38 [[32minfo[39m] Outgoing request: [GET] https://serpapi.com/search.json
2025-10-22 17:25:38 [[32minfo[39m] Fetched 20 events from Ticketmaster
2025-10-22 17:25:38 [[32minfo[39m] Fetched 20 events from Ticketmaster
2025-10-22 17:25:40 [[32minfo[39m] Outgoing request: [GET] https://app.ticketmaster.com/discovery/v2/events.json
2025-10-22 17:25:40 [[32minfo[39m] Outgoing request: [GET] https://app.ticketmaster.com/discovery/v2/events.json
2025-10-22 17:25:40 [[32minfo[39m] Outgoing request: [GET] https://serpapi.com/search.json
2025-10-22 17:25:40 [[32minfo[39m] Fetched 20 events from Ticketmaster
2025-10-22 17:25:43 [[32minfo[39m] Outgoing request: [GET] https://app.ticketmaster.com/discovery/v2/events.json
2025-10-22 17:25:43 [[32minfo[39m] Outgoing request: [GET] https://app.ticketmaster.com/discovery/v2/events.json
2025-10-22 17:25:43 [[32minfo[39m] Outgoing request: [GET] https://serpapi.com/search.json
2025-10-22 17:25:43 [[32minfo[39m] Fetched 20 events from Ticketmaster
2025-10-22 17:28:25 [[32minfo[39m] Database connection established.
2025-10-22 17:28:25 [[32minfo[39m] Database synced
2025-10-22 17:28:25 [[32minfo[39m] Server running on port 5000
2025-10-22 17:28:28 [[32minfo[39m] Outgoing request: [GET] https://app.ticketmaster.com/discovery/v2/events.json
2025-10-22 17:28:28 [[32minfo[39m] Outgoing request: [GET] https://app.ticketmaster.com/discovery/v2/events.json
2025-10-22 17:28:28 [[32minfo[39m] Outgoing request: [GET] https://serpapi.com/search.json
2025-10-22 17:28:28 [[32minfo[39m] Outgoing request: [GET] https://app.ticketmaster.com/discovery/v2/events.json
2025-10-22 17:28:28 [[32minfo[39m] Outgoing request: [GET] https://app.ticketmaster.com/discovery/v2/events.json
2025-10-22 17:28:28 [[32minfo[39m] Outgoing request: [GET] https://serpapi.com/search.json
2025-10-22 17:28:28 [[32minfo[39m] Fetched 0 events from Ticketmaster
2025-10-22 17:28:28 [[32minfo[39m] Fetched 20 events from Ticketmaster
2025-10-22 17:28:40 [[32minfo[39m] Outgoing request: [GET] https://app.ticketmaster.com/discovery/v2/events.json
2025-10-22 17:28:40 [[32minfo[39m] Outgoing request: [GET] https://app.ticketmaster.com/discovery/v2/events.json
2025-10-22 17:28:40 [[32minfo[39m] Outgoing request: [GET] https://serpapi.com/search.json
2025-10-22 17:28:40 [[32minfo[39m] Fetched 20 events from Ticketmaster
2025-10-24 17:45:54 [[32minfo[39m] Database connection established.
2025-10-24 17:45:55 [[32minfo[39m] Database synced
2025-10-24 17:45:55 [[32minfo[39m] Server running on port 5000
2025-10-24 17:46:06 [[32minfo[39m] Outgoing request: [GET] https://app.ticketmaster.com/discovery/v2/events.json
2025-10-24 17:46:06 [[32minfo[39m] Outgoing request: [GET] https://app.ticketmaster.com/discovery/v2/events.json
2025-10-24 17:46:06 [[32minfo[39m] Outgoing request: [GET] https://serpapi.com/search.json
2025-10-24 17:46:06 [[32minfo[39m] Outgoing request: [GET] https://app.ticketmaster.com/discovery/v2/events.json
2025-10-24 17:46:06 [[32minfo[39m] Outgoing request: [GET] https://app.ticketmaster.com/discovery/v2/events.json
2025-10-24 17:46:06 [[32minfo[39m] Outgoing request: [GET] https://serpapi.com/search.json
2025-10-24 17:46:07 [[32minfo[39m] Fetched 0 events from Ticketmaster
2025-10-24 17:46:07 [[32minfo[39m] Fetched 20 events from Ticketmaster
2025-10-24 17:46:23 [[32minfo[39m] Outgoing request: [GET] https://app.ticketmaster.com/discovery/v2/events.json
2025-10-24 17:46:23 [[32minfo[39m] Outgoing request: [GET] https://app.ticketmaster.com/discovery/v2/events.json
2025-10-24 17:46:23 [[32minfo[39m] Outgoing request: [GET] https://serpapi.com/search.json
2025-10-24 17:46:23 [[32minfo[39m] Fetched 20 events from Ticketmaster
2025-10-24 17:46:37 [[32minfo[39m] Outgoing request: [GET] https://app.ticketmaster.com/discovery/v2/events.json
2025-10-24 17:46:37 [[32minfo[39m] Outgoing request: [GET] https://app.ticketmaster.com/discovery/v2/events.json
2025-10-24 17:46:37 [[32minfo[39m] Outgoing request: [GET] https://serpapi.com/search.json
2025-10-24 17:46:38 [[32minfo[39m] Fetched 20 events from Ticketmaster
2025-10-24 17:46:56 [[32minfo[39m] Outgoing request: [GET] https://app.ticketmaster.com/discovery/v2/events.json
2025-10-24 17:46:56 [[32minfo[39m] Outgoing request: [GET] https://app.ticketmaster.com/discovery/v2/events.json
2025-10-24 17:46:56 [[32minfo[39m] Outgoing request: [GET] https://serpapi.com/search.json
2025-10-24 17:46:56 [[32minfo[39m] Outgoing request: [GET] https://app.ticketmaster.com/discovery/v2/events.json
2025-10-24 17:46:56 [[32minfo[39m] Outgoing request: [GET] https://app.ticketmaster.com/discovery/v2/events.json
2025-10-24 17:46:56 [[32minfo[39m] Outgoing request: [GET] https://serpapi.com/search.json
2025-10-24 17:46:57 [[32minfo[39m] Fetched 0 events from Ticketmaster
2025-10-24 17:46:57 [[32minfo[39m] Fetched 1 events from Ticketmaster
2025-10-24 17:47:09 [[32minfo[39m] Outgoing request: [GET] https://app.ticketmaster.com/discovery/v2/events.json
2025-10-24 17:47:09 [[32minfo[39m] Outgoing request: [GET] https://app.ticketmaster.com/discovery/v2/events.json
2025-10-24 17:47:09 [[32minfo[39m] Outgoing request: [GET] https://serpapi.com/search.json
2025-10-24 17:47:10 [[32minfo[39m] Fetched 0 events from Ticketmaster
2025-10-24 17:47:13 [[32minfo[39m] Outgoing request: [GET] https://app.ticketmaster.com/discovery/v2/events.json
2025-10-24 17:47:13 [[32minfo[39m] Outgoing request: [GET] https://app.ticketmaster.com/discovery/v2/events.json
2025-10-24 17:47:13 [[32minfo[39m] Outgoing request: [GET] https://serpapi.com/search.json
2025-10-24 17:47:13 [[32minfo[39m] Fetched 20 events from Ticketmaster
2025-10-24 17:47:35 [[32minfo[39m] Outgoing request: [GET] https://app.ticketmaster.com/discovery/v2/events.json
2025-10-24 17:47:35 [[32minfo[39m] Outgoing request: [GET] https://app.ticketmaster.com/discovery/v2/events.json
2025-10-24 17:47:35 [[32minfo[39m] Outgoing request: [GET] https://serpapi.com/search.json
2025-10-24 17:47:35 [[32minfo[39m] Outgoing request: [GET] https://app.ticketmaster.com/discovery/v2/events.json
2025-10-24 17:47:35 [[32minfo[39m] Outgoing request: [GET] https://app.ticketmaster.com/discovery/v2/events.json
2025-10-24 17:47:35 [[32minfo[39m] Outgoing request: [GET] https://serpapi.com/search.json
2025-10-24 17:47:36 [[32minfo[39m] Fetched 20 events from Ticketmaster
2025-10-24 17:47:36 [[32minfo[39m] Fetched 20 events from Ticketmaster
2025-10-24 17:58:25 [[32minfo[39m] Database connection established.
2025-10-24 17:58:25 [[32minfo[39m] Database synced
2025-10-24 17:58:25 [[32minfo[39m] Server running on port 5000
2025-10-24 17:58:31 [[32minfo[39m] Outgoing request: [GET] https://app.ticketmaster.com/discovery/v2/events.json
2025-10-24 17:58:31 [[32minfo[39m] Outgoing request: [GET] https://app.ticketmaster.com/discovery/v2/events.json
2025-10-24 17:58:31 [[32minfo[39m] Outgoing request: [GET] https://serpapi.com/search.json
2025-10-24 17:58:31 [[32minfo[39m] Outgoing request: [GET] https://app.ticketmaster.com/discovery/v2/events.json
2025-10-24 17:58:31 [[32minfo[39m] Outgoing request: [GET] https://app.ticketmaster.com/discovery/v2/events.json
2025-10-24 17:58:31 [[32minfo[39m] Outgoing request: [GET] https://serpapi.com/search.json
2025-10-24 17:58:32 [[32minfo[39m] Fetched 20 events from Ticketmaster
2025-10-24 17:58:32 [[32minfo[39m] Fetched 20 events from Ticketmaster
2025-10-24 17:58:39 [[32minfo[39m] Outgoing request: [GET] https://app.ticketmaster.com/discovery/v2/events.json
2025-10-24 17:58:39 [[32minfo[39m] Outgoing request: [GET] https://app.ticketmaster.com/discovery/v2/events.json
2025-10-24 17:58:39 [[32minfo[39m] Outgoing request: [GET] https://serpapi.com/search.json
2025-10-24 17:58:40 [[32minfo[39m] Fetched 20 events from Ticketmaster
2025-10-24 17:58:50 [[32minfo[39m] Outgoing request: [GET] https://app.ticketmaster.com/discovery/v2/events.json
2025-10-24 17:58:50 [[32minfo[39m] Outgoing request: [GET] https://app.ticketmaster.com/discovery/v2/events.json
2025-10-24 17:58:50 [[32minfo[39m] Outgoing request: [GET] https://serpapi.com/search.json
2025-10-24 17:58:50 [[32minfo[39m] Fetched 20 events from Ticketmaster
2025-10-24 18:01:06 [[32minfo[39m] Outgoing request: [GET] https://app.ticketmaster.com/discovery/v2/events.json
2025-10-24 18:01:06 [[32minfo[39m] Outgoing request: [GET] https://app.ticketmaster.com/discovery/v2/events.json
2025-10-24 18:01:06 [[32minfo[39m] Outgoing request: [GET] https://serpapi.com/search.json
2025-10-24 18:01:06 [[32minfo[39m] Fetched 20 events from Ticketmaster
2025-10-24 18:01:09 [[32minfo[39m] Outgoing request: [GET] https://app.ticketmaster.com/discovery/v2/events.json
2025-10-24 18:01:09 [[32minfo[39m] Outgoing request: [GET] https://app.ticketmaster.com/discovery/v2/events.json
2025-10-24 18:01:09 [[32minfo[39m] Outgoing request: [GET] https://serpapi.com/search.json
2025-10-24 18:01:09 [[32minfo[39m] Fetched 20 events from Ticketmaster
2025-10-24 18:01:11 [[32minfo[39m] Outgoing request: [GET] https://app.ticketmaster.com/discovery/v2/events.json
2025-10-24 18:01:11 [[32minfo[39m] Outgoing request: [GET] https://app.ticketmaster.com/discovery/v2/events.json
2025-10-24 18:01:11 [[32minfo[39m] Outgoing request: [GET] https://serpapi.com/search.json
2025-10-24 18:01:13 [[32minfo[39m] Fetched 20 events from Ticketmaster
2025-10-24 18:01:16 [[32minfo[39m] Outgoing request: [GET] https://app.ticketmaster.com/discovery/v2/events.json
2025-10-24 18:01:16 [[32minfo[39m] Outgoing request: [GET] https://app.ticketmaster.com/discovery/v2/events.json
2025-10-24 18:01:16 [[32minfo[39m] Outgoing request: [GET] https://serpapi.com/search.json
2025-10-24 18:01:16 [[32minfo[39m] Fetched 20 events from Ticketmaster
2025-10-24 18:01:18 [[32minfo[39m] Outgoing request: [GET] https://app.ticketmaster.com/discovery/v2/events.json
2025-10-24 18:01:18 [[32minfo[39m] Outgoing request: [GET] https://app.ticketmaster.com/discovery/v2/events.json
2025-10-24 18:01:18 [[32minfo[39m] Outgoing request: [GET] https://serpapi.com/search.json
2025-10-24 18:01:18 [[32minfo[39m] Fetched 20 events from Ticketmaster
2025-10-24 18:01:21 [[32minfo[39m] Outgoing request: [GET] https://app.ticketmaster.com/discovery/v2/events.json
2025-10-24 18:01:21 [[32minfo[39m] Outgoing request: [GET] https://app.ticketmaster.com/discovery/v2/events.json
2025-10-24 18:01:21 [[32minfo[39m] Outgoing request: [GET] https://serpapi.com/search.json
2025-10-24 18:01:21 [[32minfo[39m] Fetched 20 events from Ticketmaster
2025-10-24 18:01:31 [[32minfo[39m] Outgoing request: [GET] https://app.ticketmaster.com/discovery/v2/events.json
2025-10-24 18:01:31 [[32minfo[39m] Outgoing request: [GET] https://app.ticketmaster.com/discovery/v2/events.json
2025-10-24 18:01:31 [[32minfo[39m] Outgoing request: [GET] https://serpapi.com/search.json
2025-10-24 18:01:31 [[32minfo[39m] Outgoing request: [GET] https://app.ticketmaster.com/discovery/v2/events.json
2025-10-24 18:01:31 [[32minfo[39m] Outgoing request: [GET] https://app.ticketmaster.com/discovery/v2/events.json
2025-10-24 18:01:31 [[32minfo[39m] Outgoing request: [GET] https://serpapi.com/search.json
2025-10-24 18:01:32 [[32minfo[39m] Fetched 20 events from Ticketmaster
2025-10-24 18:01:41 [[31merror[39m] API request failed: https://app.ticketmaster.com/discovery/v2/events.json | Status: undefined | Message: timeout of 10000ms exceeded
2025-10-24 18:01:41 [[31merror[39m] API request failed: https://app.ticketmaster.com/discovery/v2/events.json | Status: No status | Message: timeout of 10000ms exceeded
2025-10-24 18:01:50 [[32minfo[39m] Outgoing request: [GET] https://app.ticketmaster.com/discovery/v2/events.json
2025-10-24 18:01:50 [[32minfo[39m] Outgoing request: [GET] https://app.ticketmaster.com/discovery/v2/events.json
2025-10-24 18:01:50 [[32minfo[39m] Outgoing request: [GET] https://serpapi.com/search.json
2025-10-24 18:01:51 [[32minfo[39m] Fetched 20 events from Ticketmaster
2025-10-24 18:01:54 [[32minfo[39m] Outgoing request: [GET] https://app.ticketmaster.com/discovery/v2/events.json
2025-10-24 18:01:54 [[32minfo[39m] Outgoing request: [GET] https://app.ticketmaster.com/discovery/v2/events.json
2025-10-24 18:01:54 [[32minfo[39m] Outgoing request: [GET] https://serpapi.com/search.json
2025-10-24 18:01:55 [[32minfo[39m] Fetched 20 events from Ticketmaster
2025-10-24 18:02:00 [[32minfo[39m] Outgoing request: [GET] https://app.ticketmaster.com/discovery/v2/events.json
2025-10-24 18:02:00 [[32minfo[39m] Outgoing request: [GET] https://app.ticketmaster.com/discovery/v2/events.json
2025-10-24 18:02:00 [[32minfo[39m] Outgoing request: [GET] https://serpapi.com/search.json
2025-10-24 18:02:01 [[32minfo[39m] Fetched 20 events from Ticketmaster
2025-10-24 18:02:08 [[32minfo[39m] Outgoing request: [GET] https://app.ticketmaster.com/discovery/v2/events.json
2025-10-24 18:02:08 [[32minfo[39m] Outgoing request: [GET] https://app.ticketmaster.com/discovery/v2/events.json
2025-10-24 18:02:08 [[32minfo[39m] Outgoing request: [GET] https://serpapi.com/search.json
2025-10-24 18:02:08 [[32minfo[39m] Fetched 20 events from Ticketmaster
2025-10-24 18:02:16 [[32minfo[39m] Outgoing request: [GET] https://app.ticketmaster.com/discovery/v2/events.json
2025-10-24 18:02:16 [[32minfo[39m] Outgoing request: [GET] https://app.ticketmaster.com/discovery/v2/events.json
2025-10-24 18:02:16 [[32minfo[39m] Outgoing request: [GET] https://serpapi.com/search.json
2025-10-24 18:02:16 [[32minfo[39m] Outgoing request: [GET] https://app.ticketmaster.com/discovery/v2/events.json
2025-10-24 18:02:16 [[32minfo[39m] Outgoing request: [GET] https://app.ticketmaster.com/discovery/v2/events.json
2025-10-24 18:02:16 [[32minfo[39m] Outgoing request: [GET] https://serpapi.com/search.json
2025-10-24 18:02:16 [[32minfo[39m] Fetched 20 events from Ticketmaster
2025-10-24 18:02:16 [[32minfo[39m] Fetched 20 events from Ticketmaster
2025-10-24 18:15:23 [[32minfo[39m] Outgoing request: [GET] https://app.ticketmaster.com/discovery/v2/events.json
2025-10-24 18:15:23 [[32minfo[39m] Outgoing request: [GET] https://app.ticketmaster.com/discovery/v2/events.json
2025-10-24 18:15:23 [[32minfo[39m] Outgoing request: [GET] https://serpapi.com/search.json
2025-10-24 18:15:24 [[32minfo[39m] Fetched 20 events from Ticketmaster
2025-10-24 18:17:44 [[32minfo[39m] Outgoing request: [GET] https://app.ticketmaster.com/discovery/v2/events.json
2025-10-24 18:17:44 [[32minfo[39m] Outgoing request: [GET] https://app.ticketmaster.com/discovery/v2/events.json
2025-10-24 18:17:44 [[32minfo[39m] Outgoing request: [GET] https://serpapi.com/search.json
2025-10-24 18:17:44 [[32minfo[39m] Outgoing request: [GET] https://app.ticketmaster.com/discovery/v2/events.json
2025-10-24 18:17:44 [[32minfo[39m] Outgoing request: [GET] https://app.ticketmaster.com/discovery/v2/events.json
2025-10-24 18:17:44 [[32minfo[39m] Outgoing request: [GET] https://serpapi.com/search.json
2025-10-24 18:17:44 [[32minfo[39m] Fetched 20 events from Ticketmaster
2025-10-24 18:17:44 [[32minfo[39m] Fetched 20 events from Ticketmaster
2025-10-24 18:22:54 [[32minfo[39m] Outgoing request: [GET] https://app.ticketmaster.com/discovery/v2/events.json
2025-10-24 18:22:54 [[32minfo[39m] Outgoing request: [GET] https://app.ticketmaster.com/discovery/v2/events.json
2025-10-24 18:22:54 [[32minfo[39m] Outgoing request: [GET] https://serpapi.com/search.json
2025-10-24 18:22:54 [[32minfo[39m] Outgoing request: [GET] https://app.ticketmaster.com/discovery/v2/events.json
2025-10-24 18:22:54 [[32minfo[39m] Outgoing request: [GET] https://app.ticketmaster.com/discovery/v2/events.json
2025-10-24 18:22:54 [[32minfo[39m] Outgoing request: [GET] https://serpapi.com/search.json
2025-10-24 18:22:54 [[32minfo[39m] Fetched 20 events from Ticketmaster
2025-10-24 18:22:54 [[32minfo[39m] Fetched 20 events from Ticketmaster
2025-10-24 18:24:18 [[32minfo[39m] Outgoing request: [GET] https://app.ticketmaster.com/discovery/v2/events.json
2025-10-24 18:24:18 [[32minfo[39m] Outgoing request: [GET] https://app.ticketmaster.com/discovery/v2/events.json
2025-10-24 18:24:18 [[32minfo[39m] Outgoing request: [GET] https://serpapi.com/search.json
2025-10-24 18:24:18 [[32minfo[39m] Fetched 20 events from Ticketmaster
2025-10-24 18:24:56 [[32minfo[39m] Outgoing request: [GET] https://app.ticketmaster.com/discovery/v2/events.json
2025-10-24 18:24:56 [[32minfo[39m] Outgoing request: [GET] https://app.ticketmaster.com/discovery/v2/events.json
2025-10-24 18:24:56 [[32minfo[39m] Outgoing request: [GET] https://serpapi.com/search.json
2025-10-24 18:24:56 [[32minfo[39m] Outgoing request: [GET] https://app.ticketmaster.com/discovery/v2/events.json
2025-10-24 18:24:56 [[32minfo[39m] Outgoing request: [GET] https://app.ticketmaster.com/discovery/v2/events.json
2025-10-24 18:24:56 [[32minfo[39m] Outgoing request: [GET] https://serpapi.com/search.json
2025-10-24 18:24:57 [[32minfo[39m] Fetched 20 events from Ticketmaster
2025-10-24 18:24:57 [[32minfo[39m] Fetched 20 events from Ticketmaster
2025-10-24 18:30:37 [[32minfo[39m] Outgoing request: [GET] https://app.ticketmaster.com/discovery/v2/events.json
2025-10-24 18:30:37 [[32minfo[39m] Outgoing request: [GET] https://app.ticketmaster.com/discovery/v2/events.json
2025-10-24 18:30:37 [[32minfo[39m] Outgoing request: [GET] https://serpapi.com/search.json
2025-10-24 18:30:37 [[32minfo[39m] Fetched 20 events from Ticketmaster
2025-10-24 18:35:08 [[32minfo[39m] Outgoing request: [GET] https://app.ticketmaster.com/discovery/v2/events.json
2025-10-24 18:35:08 [[32minfo[39m] Outgoing request: [GET] https://app.ticketmaster.com/discovery/v2/events.json
2025-10-24 18:35:08 [[32minfo[39m] Outgoing request: [GET] https://serpapi.com/search.json
2025-10-24 18:35:08 [[32minfo[39m] Fetched 20 events from Ticketmaster
2025-10-24 18:35:13 [[32minfo[39m] Outgoing request: [GET] https://app.ticketmaster.com/discovery/v2/events.json
2025-10-24 18:35:13 [[32minfo[39m] Outgoing request: [GET] https://app.ticketmaster.com/discovery/v2/events.json
2025-10-24 18:35:13 [[32minfo[39m] Outgoing request: [GET] https://serpapi.com/search.json
2025-10-24 18:35:13 [[32minfo[39m] Outgoing request: [GET] https://app.ticketmaster.com/discovery/v2/events.json
2025-10-24 18:35:13 [[32minfo[39m] Outgoing request: [GET] https://app.ticketmaster.com/discovery/v2/events.json
2025-10-24 18:35:13 [[32minfo[39m] Outgoing request: [GET] https://serpapi.com/search.json
2025-10-24 18:35:14 [[32minfo[39m] Fetched 20 events from Ticketmaster
2025-10-24 18:35:14 [[32minfo[39m] Fetched 20 events from Ticketmaster
2025-10-24 18:36:43 [[32minfo[39m] Outgoing request: [GET] https://app.ticketmaster.com/discovery/v2/events.json
2025-10-24 18:36:43 [[32minfo[39m] Outgoing request: [GET] https://app.ticketmaster.com/discovery/v2/events.json
2025-10-24 18:36:43 [[32minfo[39m] Outgoing request: [GET] https://serpapi.com/search.json
2025-10-24 18:36:43 [[32minfo[39m] Fetched 20 events from Ticketmaster
2025-10-24 18:37:06 [[32minfo[39m] Outgoing request: [GET] https://app.ticketmaster.com/discovery/v2/events.json
2025-10-24 18:37:06 [[32minfo[39m] Outgoing request: [GET] https://app.ticketmaster.com/discovery/v2/events.json
2025-10-24 18:37:06 [[32minfo[39m] Outgoing request: [GET] https://serpapi.com/search.json
2025-10-24 18:37:06 [[32minfo[39m] Outgoing request: [GET] https://app.ticketmaster.com/discovery/v2/events.json
2025-10-24 18:37:06 [[32minfo[39m] Outgoing request: [GET] https://app.ticketmaster.com/discovery/v2/events.json
2025-10-24 18:37:06 [[32minfo[39m] Outgoing request: [GET] https://serpapi.com/search.json
2025-10-24 18:37:06 [[32minfo[39m] Fetched 20 events from Ticketmaster
2025-10-24 18:37:06 [[32minfo[39m] Fetched 20 events from Ticketmaster
2025-10-24 18:41:46 [[32minfo[39m] Outgoing request: [GET] https://app.ticketmaster.com/discovery/v2/events.json
2025-10-24 18:41:46 [[32minfo[39m] Outgoing request: [GET] https://app.ticketmaster.com/discovery/v2/events.json
2025-10-24 18:41:46 [[32minfo[39m] Outgoing request: [GET] https://serpapi.com/search.json
2025-10-24 18:41:46 [[32minfo[39m] Fetched 20 events from Ticketmaster
2025-10-24 18:42:45 [[32minfo[39m] Outgoing request: [GET] https://app.ticketmaster.com/discovery/v2/events.json
2025-10-24 18:42:45 [[32minfo[39m] Outgoing request: [GET] https://app.ticketmaster.com/discovery/v2/events.json
2025-10-24 18:42:45 [[32minfo[39m] Outgoing request: [GET] https://serpapi.com/search.json
2025-10-24 18:42:45 [[32minfo[39m] Fetched 20 events from Ticketmaster
2025-10-24 18:42:45 [[32minfo[39m] Outgoing request: [GET] https://app.ticketmaster.com/discovery/v2/events.json
2025-10-24 18:42:45 [[32minfo[39m] Outgoing request: [GET] https://app.ticketmaster.com/discovery/v2/events.json
2025-10-24 18:42:45 [[32minfo[39m] Outgoing request: [GET] https://serpapi.com/search.json
2025-10-24 18:42:45 [[33mwarn[39m] Retrying request to https://app.ticketmaster.com/discovery/v2/events.json due to temporary failure (429)...
2025-10-24 18:42:47 [[32minfo[39m] Outgoing request: [GET] https://app.ticketmaster.com/discovery/v2/events.json
2025-10-24 18:42:47 [[32minfo[39m] Fetched 20 events from Ticketmaster
2025-10-24 18:45:04 [[32minfo[39m] Outgoing request: [GET] https://app.ticketmaster.com/discovery/v2/events.json
2025-10-24 18:45:04 [[32minfo[39m] Outgoing request: [GET] https://app.ticketmaster.com/discovery/v2/events.json
2025-10-24 18:45:04 [[32minfo[39m] Outgoing request: [GET] https://serpapi.com/search.json
2025-10-24 18:45:04 [[32minfo[39m] Fetched 20 events from Ticketmaster
2025-10-24 18:45:27 [[32minfo[39m] Outgoing request: [GET] https://app.ticketmaster.com/discovery/v2/events.json
2025-10-24 18:45:27 [[32minfo[39m] Outgoing request: [GET] https://app.ticketmaster.com/discovery/v2/events.json
2025-10-24 18:45:27 [[32minfo[39m] Outgoing request: [GET] https://serpapi.com/search.json
2025-10-24 18:45:27 [[32minfo[39m] Fetched 20 events from Ticketmaster
2025-10-24 18:45:29 [[32minfo[39m] Outgoing request: [GET] https://app.ticketmaster.com/discovery/v2/events.json
2025-10-24 18:45:29 [[32minfo[39m] Outgoing request: [GET] https://app.ticketmaster.com/discovery/v2/events.json
2025-10-24 18:45:29 [[32minfo[39m] Outgoing request: [GET] https://serpapi.com/search.json
2025-10-24 18:45:29 [[32minfo[39m] Fetched 20 events from Ticketmaster
2025-10-24 18:45:43 [[32minfo[39m] Outgoing request: [GET] https://app.ticketmaster.com/discovery/v2/events.json
2025-10-24 18:45:43 [[32minfo[39m] Outgoing request: [GET] https://app.ticketmaster.com/discovery/v2/events.json
2025-10-24 18:45:43 [[32minfo[39m] Outgoing request: [GET] https://serpapi.com/search.json
2025-10-24 18:45:43 [[32minfo[39m] Fetched 20 events from Ticketmaster
2025-10-24 18:45:44 [[32minfo[39m] Outgoing request: [GET] https://app.ticketmaster.com/discovery/v2/events.json
2025-10-24 18:45:44 [[32minfo[39m] Outgoing request: [GET] https://app.ticketmaster.com/discovery/v2/events.json
2025-10-24 18:45:44 [[32minfo[39m] Outgoing request: [GET] https://serpapi.com/search.json
2025-10-24 18:45:44 [[32minfo[39m] Fetched 20 events from Ticketmaster
2025-10-24 18:45:46 [[32minfo[39m] Outgoing request: [GET] https://app.ticketmaster.com/discovery/v2/events.json
2025-10-24 18:45:46 [[32minfo[39m] Outgoing request: [GET] https://app.ticketmaster.com/discovery/v2/events.json
2025-10-24 18:45:46 [[32minfo[39m] Outgoing request: [GET] https://serpapi.com/search.json
2025-10-24 18:45:46 [[32minfo[39m] Outgoing request: [GET] https://app.ticketmaster.com/discovery/v2/events.json
2025-10-24 18:45:46 [[32minfo[39m] Outgoing request: [GET] https://app.ticketmaster.com/discovery/v2/events.json
2025-10-24 18:45:46 [[32minfo[39m] Outgoing request: [GET] https://serpapi.com/search.json
2025-10-24 18:45:46 [[32minfo[39m] Fetched 20 events from Ticketmaster
2025-10-24 18:45:46 [[32minfo[39m] Fetched 20 events from Ticketmaster
2025-10-24 18:45:51 [[32minfo[39m] Outgoing request: [GET] https://app.ticketmaster.com/discovery/v2/events.json
2025-10-24 18:45:51 [[32minfo[39m] Outgoing request: [GET] https://app.ticketmaster.com/discovery/v2/events.json
2025-10-24 18:45:51 [[32minfo[39m] Outgoing request: [GET] https://serpapi.com/search.json
2025-10-24 18:45:51 [[32minfo[39m] Fetched 20 events from Ticketmaster
2025-10-24 18:56:04 [[32minfo[39m] Outgoing request: [GET] https://app.ticketmaster.com/discovery/v2/events.json
2025-10-24 18:56:04 [[32minfo[39m] Outgoing request: [GET] https://app.ticketmaster.com/discovery/v2/events.json
2025-10-24 18:56:04 [[32minfo[39m] Outgoing request: [GET] https://serpapi.com/search.json
2025-10-24 18:56:04 [[32minfo[39m] Outgoing request: [GET] https://app.ticketmaster.com/discovery/v2/events.json
2025-10-24 18:56:04 [[32minfo[39m] Outgoing request: [GET] https://app.ticketmaster.com/discovery/v2/events.json
2025-10-24 18:56:04 [[32minfo[39m] Outgoing request: [GET] https://serpapi.com/search.json
2025-10-24 18:56:04 [[32minfo[39m] Fetched 20 events from Ticketmaster
2025-10-24 18:56:04 [[32minfo[39m] Fetched 20 events from Ticketmaster
2025-10-24 18:56:06 [[32minfo[39m] Outgoing request: [GET] https://app.ticketmaster.com/discovery/v2/events.json
2025-10-24 18:56:06 [[32minfo[39m] Outgoing request: [GET] https://app.ticketmaster.com/discovery/v2/events.json
2025-10-24 18:56:06 [[32minfo[39m] Outgoing request: [GET] https://serpapi.com/search.json
2025-10-24 18:56:06 [[32minfo[39m] Fetched 20 events from Ticketmaster
2025-10-24 18:57:14 [[32minfo[39m] Outgoing request: [GET] https://app.ticketmaster.com/discovery/v2/events.json
2025-10-24 18:57:14 [[32minfo[39m] Outgoing request: [GET] https://app.ticketmaster.com/discovery/v2/events.json
2025-10-24 18:57:14 [[32minfo[39m] Outgoing request: [GET] https://serpapi.com/search.json
2025-10-24 18:57:14 [[32minfo[39m] Outgoing request: [GET] https://app.ticketmaster.com/discovery/v2/events.json
2025-10-24 18:57:14 [[32minfo[39m] Outgoing request: [GET] https://app.ticketmaster.com/discovery/v2/events.json
2025-10-24 18:57:14 [[32minfo[39m] Outgoing request: [GET] https://serpapi.com/search.json
2025-10-24 18:57:14 [[32minfo[39m] Fetched 20 events from Ticketmaster
2025-10-24 18:57:14 [[32minfo[39m] Fetched 20 events from Ticketmaster
2025-10-24 18:57:18 [[32minfo[39m] Outgoing request: [GET] https://app.ticketmaster.com/discovery/v2/events.json
2025-10-24 18:57:18 [[32minfo[39m] Outgoing request: [GET] https://app.ticketmaster.com/discovery/v2/events.json
2025-10-24 18:57:18 [[32minfo[39m] Outgoing request: [GET] https://serpapi.com/search.json
2025-10-24 18:57:19 [[32minfo[39m] Outgoing request: [GET] https://app.ticketmaster.com/discovery/v2/events.json
2025-10-24 18:57:19 [[32minfo[39m] Outgoing request: [GET] https://app.ticketmaster.com/discovery/v2/events.json
2025-10-24 18:57:19 [[32minfo[39m] Outgoing request: [GET] https://serpapi.com/search.json
2025-10-24 18:57:19 [[32minfo[39m] Fetched 20 events from Ticketmaster
2025-10-24 18:57:19 [[32minfo[39m] Fetched 20 events from Ticketmaster
2025-10-24 18:57:54 [[32minfo[39m] Outgoing request: [GET] https://app.ticketmaster.com/discovery/v2/events.json
2025-10-24 18:57:54 [[32minfo[39m] Outgoing request: [GET] https://app.ticketmaster.com/discovery/v2/events.json
2025-10-24 18:57:54 [[32minfo[39m] Outgoing request: [GET] https://serpapi.com/search.json
2025-10-24 18:57:54 [[32minfo[39m] Outgoing request: [GET] https://app.ticketmaster.com/discovery/v2/events.json
2025-10-24 18:57:54 [[32minfo[39m] Outgoing request: [GET] https://app.ticketmaster.com/discovery/v2/events.json
2025-10-24 18:57:54 [[32minfo[39m] Outgoing request: [GET] https://serpapi.com/search.json
2025-10-24 18:57:54 [[32minfo[39m] Fetched 20 events from Ticketmaster
2025-10-24 18:57:54 [[32minfo[39m] Fetched 20 events from Ticketmaster
2025-10-24 18:57:59 [[32minfo[39m] Outgoing request: [GET] https://app.ticketmaster.com/discovery/v2/events.json
2025-10-24 18:57:59 [[32minfo[39m] Outgoing request: [GET] https://app.ticketmaster.com/discovery/v2/events.json
2025-10-24 18:57:59 [[32minfo[39m] Outgoing request: [GET] https://serpapi.com/search.json
2025-10-24 18:57:59 [[32minfo[39m] Fetched 20 events from Ticketmaster
2025-10-24 18:57:59 [[32minfo[39m] Outgoing request: [GET] https://app.ticketmaster.com/discovery/v2/events.json
2025-10-24 18:57:59 [[32minfo[39m] Outgoing request: [GET] https://app.ticketmaster.com/discovery/v2/events.json
2025-10-24 18:57:59 [[32minfo[39m] Outgoing request: [GET] https://serpapi.com/search.json
2025-10-24 18:57:59 [[32minfo[39m] Fetched 20 events from Ticketmaster
2025-10-24 18:58:31 [[32minfo[39m] Outgoing request: [GET] https://app.ticketmaster.com/discovery/v2/events.json
2025-10-24 18:58:31 [[32minfo[39m] Outgoing request: [GET] https://app.ticketmaster.com/discovery/v2/events.json
2025-10-24 18:58:31 [[32minfo[39m] Outgoing request: [GET] https://serpapi.com/search.json
2025-10-24 18:58:31 [[32minfo[39m] Outgoing request: [GET] https://app.ticketmaster.com/discovery/v2/events.json
2025-10-24 18:58:31 [[32minfo[39m] Outgoing request: [GET] https://app.ticketmaster.com/discovery/v2/events.json
2025-10-24 18:58:31 [[32minfo[39m] Outgoing request: [GET] https://serpapi.com/search.json
2025-10-24 18:58:31 [[32minfo[39m] Fetched 20 events from Ticketmaster
2025-10-24 18:58:31 [[32minfo[39m] Fetched 20 events from Ticketmaster
2025-10-24 19:09:20 [[32minfo[39m] Outgoing request: [GET] https://app.ticketmaster.com/discovery/v2/events.json
2025-10-24 19:09:20 [[32minfo[39m] Outgoing request: [GET] https://app.ticketmaster.com/discovery/v2/events.json
2025-10-24 19:09:20 [[32minfo[39m] Outgoing request: [GET] https://serpapi.com/search.json
2025-10-24 19:09:20 [[32minfo[39m] Outgoing request: [GET] https://app.ticketmaster.com/discovery/v2/events.json
2025-10-24 19:09:20 [[32minfo[39m] Outgoing request: [GET] https://app.ticketmaster.com/discovery/v2/events.json
2025-10-24 19:09:20 [[32minfo[39m] Outgoing request: [GET] https://serpapi.com/search.json
2025-10-24 19:09:20 [[32minfo[39m] Fetched 20 events from Ticketmaster
2025-10-24 19:09:20 [[32minfo[39m] Fetched 20 events from Ticketmaster
2025-10-24 19:09:57 [[32minfo[39m] Outgoing request: [GET] https://app.ticketmaster.com/discovery/v2/events.json
2025-10-24 19:09:57 [[32minfo[39m] Outgoing request: [GET] https://app.ticketmaster.com/discovery/v2/events.json
2025-10-24 19:09:57 [[32minfo[39m] Outgoing request: [GET] https://serpapi.com/search.json
2025-10-24 19:09:57 [[32minfo[39m] Outgoing request: [GET] https://app.ticketmaster.com/discovery/v2/events.json
2025-10-24 19:09:57 [[32minfo[39m] Outgoing request: [GET] https://app.ticketmaster.com/discovery/v2/events.json
2025-10-24 19:09:57 [[32minfo[39m] Outgoing request: [GET] https://serpapi.com/search.json
2025-10-24 19:09:57 [[32minfo[39m] Fetched 20 events from Ticketmaster
2025-10-24 19:09:57 [[32minfo[39m] Fetched 20 events from Ticketmaster
2025-10-24 19:10:31 [[32minfo[39m] Outgoing request: [GET] https://app.ticketmaster.com/discovery/v2/events.json
2025-10-24 19:10:31 [[32minfo[39m] Outgoing request: [GET] https://app.ticketmaster.com/discovery/v2/events.json
2025-10-24 19:10:31 [[32minfo[39m] Outgoing request: [GET] https://serpapi.com/search.json
2025-10-24 19:10:31 [[32minfo[39m] Outgoing request: [GET] https://app.ticketmaster.com/discovery/v2/events.json
2025-10-24 19:10:31 [[32minfo[39m] Outgoing request: [GET] https://app.ticketmaster.com/discovery/v2/events.json
2025-10-24 19:10:31 [[32minfo[39m] Outgoing request: [GET] https://serpapi.com/search.json
2025-10-24 19:10:31 [[32minfo[39m] Fetched 20 events from Ticketmaster
2025-10-24 19:10:31 [[32minfo[39m] Fetched 20 events from Ticketmaster
2025-10-24 19:33:05 [[32minfo[39m] Outgoing request: [GET] https://app.ticketmaster.com/discovery/v2/events.json
2025-10-24 19:33:05 [[32minfo[39m] Outgoing request: [GET] https://app.ticketmaster.com/discovery/v2/events.json
2025-10-24 19:33:05 [[32minfo[39m] Outgoing request: [GET] https://serpapi.com/search.json
2025-10-24 19:33:05 [[32minfo[39m] Fetched 20 events from Ticketmaster
2025-10-24 19:35:54 [[32minfo[39m] Outgoing request: [GET] https://app.ticketmaster.com/discovery/v2/events.json
2025-10-24 19:35:54 [[32minfo[39m] Outgoing request: [GET] https://app.ticketmaster.com/discovery/v2/events.json
2025-10-24 19:35:54 [[32minfo[39m] Outgoing request: [GET] https://serpapi.com/search.json
2025-10-24 19:35:54 [[32minfo[39m] Outgoing request: [GET] https://app.ticketmaster.com/discovery/v2/events.json
2025-10-24 19:35:54 [[32minfo[39m] Outgoing request: [GET] https://app.ticketmaster.com/discovery/v2/events.json
2025-10-24 19:35:54 [[32minfo[39m] Outgoing request: [GET] https://serpapi.com/search.json
2025-10-24 19:35:54 [[32minfo[39m] Fetched 20 events from Ticketmaster
2025-10-24 19:35:54 [[32minfo[39m] Fetched 20 events from Ticketmaster
2025-10-24 19:35:57 [[32minfo[39m] Outgoing request: [GET] https://app.ticketmaster.com/discovery/v2/events.json
2025-10-24 19:35:57 [[32minfo[39m] Outgoing request: [GET] https://app.ticketmaster.com/discovery/v2/events.json
2025-10-24 19:35:57 [[32minfo[39m] Outgoing request: [GET] https://serpapi.com/search.json
2025-10-24 19:35:57 [[32minfo[39m] Outgoing request: [GET] https://app.ticketmaster.com/discovery/v2/events.json
2025-10-24 19:35:57 [[32minfo[39m] Outgoing request: [GET] https://app.ticketmaster.com/discovery/v2/events.json
2025-10-24 19:35:57 [[32minfo[39m] Outgoing request: [GET] https://serpapi.com/search.json
2025-10-24 19:35:57 [[32minfo[39m] Fetched 20 events from Ticketmaster
2025-10-24 19:35:57 [[32minfo[39m] Fetched 20 events from Ticketmaster
2025-10-24 19:36:50 [[32minfo[39m] Outgoing request: [GET] https://app.ticketmaster.com/discovery/v2/events.json
2025-10-24 19:36:50 [[32minfo[39m] Outgoing request: [GET] https://app.ticketmaster.com/discovery/v2/events.json
2025-10-24 19:36:50 [[32minfo[39m] Outgoing request: [GET] https://serpapi.com/search.json
2025-10-24 19:36:51 [[32minfo[39m] Outgoing request: [GET] https://app.ticketmaster.com/discovery/v2/events.json
2025-10-24 19:36:51 [[32minfo[39m] Outgoing request: [GET] https://app.ticketmaster.com/discovery/v2/events.json
2025-10-24 19:36:51 [[32minfo[39m] Outgoing request: [GET] https://serpapi.com/search.json
2025-10-24 19:36:51 [[32minfo[39m] Fetched 20 events from Ticketmaster
2025-10-24 19:36:51 [[32minfo[39m] Fetched 20 events from Ticketmaster
2025-10-24 19:37:18 [[32minfo[39m] Outgoing request: [GET] https://app.ticketmaster.com/discovery/v2/events.json
2025-10-24 19:37:18 [[32minfo[39m] Outgoing request: [GET] https://app.ticketmaster.com/discovery/v2/events.json
2025-10-24 19:37:18 [[32minfo[39m] Outgoing request: [GET] https://serpapi.com/search.json
2025-10-24 19:37:18 [[32minfo[39m] Fetched 20 events from Ticketmaster
2025-10-24 19:37:18 [[32minfo[39m] Outgoing request: [GET] https://app.ticketmaster.com/discovery/v2/events.json
2025-10-24 19:37:18 [[32minfo[39m] Outgoing request: [GET] https://app.ticketmaster.com/discovery/v2/events.json
2025-10-24 19:37:18 [[32minfo[39m] Outgoing request: [GET] https://serpapi.com/search.json
2025-10-24 19:37:18 [[32minfo[39m] Fetched 20 events from Ticketmaster
2025-10-24 19:37:20 [[32minfo[39m] Outgoing request: [GET] https://app.ticketmaster.com/discovery/v2/events.json
2025-10-24 19:37:20 [[32minfo[39m] Outgoing request: [GET] https://app.ticketmaster.com/discovery/v2/events.json
2025-10-24 19:37:20 [[32minfo[39m] Outgoing request: [GET] https://serpapi.com/search.json
2025-10-24 19:37:20 [[32minfo[39m] Outgoing request: [GET] https://app.ticketmaster.com/discovery/v2/events.json
2025-10-24 19:37:20 [[32minfo[39m] Outgoing request: [GET] https://app.ticketmaster.com/discovery/v2/events.json
2025-10-24 19:37:20 [[32minfo[39m] Outgoing request: [GET] https://serpapi.com/search.json
2025-10-24 19:37:20 [[32minfo[39m] Fetched 20 events from Ticketmaster
2025-10-24 19:37:21 [[32minfo[39m] Fetched 20 events from Ticketmaster
2025-10-24 19:42:39 [[32minfo[39m] Outgoing request: [GET] https://app.ticketmaster.com/discovery/v2/events.json
2025-10-24 19:42:39 [[32minfo[39m] Outgoing request: [GET] https://app.ticketmaster.com/discovery/v2/events.json
2025-10-24 19:42:39 [[32minfo[39m] Outgoing request: [GET] https://serpapi.com/search.json
2025-10-24 19:42:39 [[32minfo[39m] Outgoing request: [GET] https://app.ticketmaster.com/discovery/v2/events.json
2025-10-24 19:42:39 [[32minfo[39m] Outgoing request: [GET] https://app.ticketmaster.com/discovery/v2/events.json
2025-10-24 19:42:39 [[32minfo[39m] Outgoing request: [GET] https://serpapi.com/search.json
2025-10-24 19:42:40 [[32minfo[39m] Fetched 20 events from Ticketmaster
2025-10-24 19:42:40 [[32minfo[39m] Fetched 20 events from Ticketmaster
2025-10-24 19:42:43 [[32minfo[39m] Outgoing request: [GET] https://app.ticketmaster.com/discovery/v2/events.json
2025-10-24 19:42:43 [[32minfo[39m] Outgoing request: [GET] https://app.ticketmaster.com/discovery/v2/events.json
2025-10-24 19:42:43 [[32minfo[39m] Outgoing request: [GET] https://serpapi.com/search.json
2025-10-24 19:42:43 [[32minfo[39m] Outgoing request: [GET] https://app.ticketmaster.com/discovery/v2/events.json
2025-10-24 19:42:43 [[32minfo[39m] Outgoing request: [GET] https://app.ticketmaster.com/discovery/v2/events.json
2025-10-24 19:42:43 [[32minfo[39m] Outgoing request: [GET] https://serpapi.com/search.json
2025-10-24 19:42:43 [[32minfo[39m] Fetched 20 events from Ticketmaster
2025-10-24 19:42:43 [[32minfo[39m] Fetched 20 events from Ticketmaster
2025-10-24 19:42:44 [[32minfo[39m] Outgoing request: [GET] https://app.ticketmaster.com/discovery/v2/events.json
2025-10-24 19:42:44 [[32minfo[39m] Outgoing request: [GET] https://app.ticketmaster.com/discovery/v2/events.json
2025-10-24 19:42:44 [[32minfo[39m] Outgoing request: [GET] https://serpapi.com/search.json
2025-10-24 19:42:44 [[32minfo[39m] Fetched 20 events from Ticketmaster
2025-10-24 19:42:46 [[32minfo[39m] Outgoing request: [GET] https://app.ticketmaster.com/discovery/v2/events.json
2025-10-24 19:42:46 [[32minfo[39m] Outgoing request: [GET] https://app.ticketmaster.com/discovery/v2/events.json
2025-10-24 19:42:46 [[32minfo[39m] Outgoing request: [GET] https://serpapi.com/search.json
2025-10-24 19:42:46 [[32minfo[39m] Fetched 20 events from Ticketmaster
2025-10-24 19:42:49 [[32minfo[39m] Outgoing request: [GET] https://app.ticketmaster.com/discovery/v2/events.json
2025-10-24 19:42:49 [[32minfo[39m] Outgoing request: [GET] https://app.ticketmaster.com/discovery/v2/events.json
2025-10-24 19:42:49 [[32minfo[39m] Outgoing request: [GET] https://serpapi.com/search.json
2025-10-24 19:42:49 [[32minfo[39m] Outgoing request: [GET] https://app.ticketmaster.com/discovery/v2/events.json
2025-10-24 19:42:49 [[32minfo[39m] Outgoing request: [GET] https://app.ticketmaster.com/discovery/v2/events.json
2025-10-24 19:42:49 [[32minfo[39m] Outgoing request: [GET] https://serpapi.com/search.json
2025-10-24 19:42:49 [[32minfo[39m] Fetched 20 events from Ticketmaster
2025-10-24 19:42:49 [[32minfo[39m] Fetched 20 events from Ticketmaster
2025-10-24 19:42:53 [[32minfo[39m] Outgoing request: [GET] https://app.ticketmaster.com/discovery/v2/events.json
2025-10-24 19:42:53 [[32minfo[39m] Outgoing request: [GET] https://app.ticketmaster.com/discovery/v2/events.json
2025-10-24 19:42:53 [[32minfo[39m] Outgoing request: [GET] https://serpapi.com/search.json
2025-10-24 19:42:53 [[32minfo[39m] Outgoing request: [GET] https://app.ticketmaster.com/discovery/v2/events.json
2025-10-24 19:42:53 [[32minfo[39m] Outgoing request: [GET] https://app.ticketmaster.com/discovery/v2/events.json
2025-10-24 19:42:53 [[32minfo[39m] Outgoing request: [GET] https://serpapi.com/search.json
2025-10-24 19:42:53 [[32minfo[39m] Fetched 20 events from Ticketmaster
2025-10-24 19:42:53 [[32minfo[39m] Fetched 20 events from Ticketmaster
2025-10-24 19:42:59 [[32minfo[39m] Outgoing request: [GET] https://app.ticketmaster.com/discovery/v2/events.json
2025-10-24 19:42:59 [[32minfo[39m] Outgoing request: [GET] https://app.ticketmaster.com/discovery/v2/events.json
2025-10-24 19:42:59 [[32minfo[39m] Outgoing request: [GET] https://serpapi.com/search.json
2025-10-24 19:42:59 [[32minfo[39m] Fetched 20 events from Ticketmaster
2025-10-24 19:43:01 [[32minfo[39m] Outgoing request: [GET] https://app.ticketmaster.com/discovery/v2/events.json
2025-10-24 19:43:01 [[32minfo[39m] Outgoing request: [GET] https://app.ticketmaster.com/discovery/v2/events.json
2025-10-24 19:43:01 [[32minfo[39m] Outgoing request: [GET] https://serpapi.com/search.json
2025-10-24 19:43:01 [[32minfo[39m] Fetched 20 events from Ticketmaster
2025-10-24 19:43:02 [[32minfo[39m] Outgoing request: [GET] https://app.ticketmaster.com/discovery/v2/events.json
2025-10-24 19:43:02 [[32minfo[39m] Outgoing request: [GET] https://app.ticketmaster.com/discovery/v2/events.json
2025-10-24 19:43:02 [[32minfo[39m] Outgoing request: [GET] https://serpapi.com/search.json
2025-10-24 19:43:02 [[32minfo[39m] Fetched 20 events from Ticketmaster
2025-10-24 19:43:09 [[32minfo[39m] Outgoing request: [GET] https://app.ticketmaster.com/discovery/v2/events.json
2025-10-24 19:43:09 [[32minfo[39m] Outgoing request: [GET] https://app.ticketmaster.com/discovery/v2/events.json
2025-10-24 19:43:09 [[32minfo[39m] Outgoing request: [GET] https://serpapi.com/search.json
2025-10-24 19:43:09 [[32minfo[39m] Fetched 20 events from Ticketmaster
2025-10-24 19:43:11 [[32minfo[39m] Outgoing request: [GET] https://app.ticketmaster.com/discovery/v2/events.json
2025-10-24 19:43:11 [[32minfo[39m] Outgoing request: [GET] https://app.ticketmaster.com/discovery/v2/events.json
2025-10-24 19:43:11 [[32minfo[39m] Outgoing request: [GET] https://serpapi.com/search.json
2025-10-24 19:43:11 [[32minfo[39m] Fetched 20 events from Ticketmaster
2025-10-24 19:43:13 [[32minfo[39m] Outgoing request: [GET] https://app.ticketmaster.com/discovery/v2/events.json
2025-10-24 19:43:13 [[32minfo[39m] Outgoing request: [GET] https://app.ticketmaster.com/discovery/v2/events.json
2025-10-24 19:43:13 [[32minfo[39m] Outgoing request: [GET] https://serpapi.com/search.json
2025-10-24 19:43:13 [[32minfo[39m] Outgoing request: [GET] https://app.ticketmaster.com/discovery/v2/events.json
2025-10-24 19:43:13 [[32minfo[39m] Outgoing request: [GET] https://app.ticketmaster.com/discovery/v2/events.json
2025-10-24 19:43:13 [[32minfo[39m] Outgoing request: [GET] https://serpapi.com/search.json
2025-10-24 19:43:13 [[32minfo[39m] Fetched 20 events from Ticketmaster
2025-10-24 19:43:13 [[32minfo[39m] Fetched 20 events from Ticketmaster
2025-10-24 19:43:15 [[32minfo[39m] Outgoing request: [GET] https://app.ticketmaster.com/discovery/v2/events.json
2025-10-24 19:43:15 [[32minfo[39m] Outgoing request: [GET] https://app.ticketmaster.com/discovery/v2/events.json
2025-10-24 19:43:15 [[32minfo[39m] Outgoing request: [GET] https://serpapi.com/search.json
2025-10-24 19:43:15 [[32minfo[39m] Outgoing request: [GET] https://app.ticketmaster.com/discovery/v2/events.json
2025-10-24 19:43:15 [[32minfo[39m] Outgoing request: [GET] https://app.ticketmaster.com/discovery/v2/events.json
2025-10-24 19:43:15 [[32minfo[39m] Outgoing request: [GET] https://serpapi.com/search.json
2025-10-24 19:43:15 [[32minfo[39m] Fetched 20 events from Ticketmaster
2025-10-24 19:43:15 [[32minfo[39m] Fetched 20 events from Ticketmaster
2025-10-24 19:43:18 [[32minfo[39m] Outgoing request: [GET] https://app.ticketmaster.com/discovery/v2/events.json
2025-10-24 19:43:18 [[32minfo[39m] Outgoing request: [GET] https://app.ticketmaster.com/discovery/v2/events.json
2025-10-24 19:43:18 [[32minfo[39m] Outgoing request: [GET] https://serpapi.com/search.json
2025-10-24 19:43:18 [[32minfo[39m] Outgoing request: [GET] https://app.ticketmaster.com/discovery/v2/events.json
2025-10-24 19:43:18 [[32minfo[39m] Outgoing request: [GET] https://app.ticketmaster.com/discovery/v2/events.json
2025-10-24 19:43:18 [[32minfo[39m] Outgoing request: [GET] https://serpapi.com/search.json
2025-10-24 19:43:18 [[32minfo[39m] Fetched 20 events from Ticketmaster
2025-10-24 19:43:18 [[32minfo[39m] Fetched 20 events from Ticketmaster
2025-10-24 19:43:19 [[32minfo[39m] Outgoing request: [GET] https://app.ticketmaster.com/discovery/v2/events.json
2025-10-24 19:43:19 [[32minfo[39m] Outgoing request: [GET] https://app.ticketmaster.com/discovery/v2/events.json
2025-10-24 19:43:19 [[32minfo[39m] Outgoing request: [GET] https://serpapi.com/search.json
2025-10-24 19:43:19 [[32minfo[39m] Outgoing request: [GET] https://app.ticketmaster.com/discovery/v2/events.json
2025-10-24 19:43:19 [[32minfo[39m] Outgoing request: [GET] https://app.ticketmaster.com/discovery/v2/events.json
2025-10-24 19:43:19 [[32minfo[39m] Outgoing request: [GET] https://serpapi.com/search.json
2025-10-24 19:43:19 [[32minfo[39m] Fetched 20 events from Ticketmaster
2025-10-24 19:43:19 [[32minfo[39m] Fetched 20 events from Ticketmaster
2025-10-24 19:43:20 [[32minfo[39m] Outgoing request: [GET] https://app.ticketmaster.com/discovery/v2/events.json
2025-10-24 19:43:20 [[32minfo[39m] Outgoing request: [GET] https://app.ticketmaster.com/discovery/v2/events.json
2025-10-24 19:43:20 [[32minfo[39m] Outgoing request: [GET] https://serpapi.com/search.json
2025-10-24 19:43:20 [[32minfo[39m] Outgoing request: [GET] https://app.ticketmaster.com/discovery/v2/events.json
2025-10-24 19:43:20 [[32minfo[39m] Outgoing request: [GET] https://app.ticketmaster.com/discovery/v2/events.json
2025-10-24 19:43:20 [[32minfo[39m] Outgoing request: [GET] https://serpapi.com/search.json
2025-10-24 19:43:20 [[32minfo[39m] Fetched 20 events from Ticketmaster
2025-10-24 19:43:20 [[32minfo[39m] Fetched 20 events from Ticketmaster
2025-10-24 19:43:24 [[32minfo[39m] Outgoing request: [GET] https://app.ticketmaster.com/discovery/v2/events.json
2025-10-24 19:43:24 [[32minfo[39m] Outgoing request: [GET] https://app.ticketmaster.com/discovery/v2/events.json
2025-10-24 19:43:24 [[32minfo[39m] Outgoing request: [GET] https://serpapi.com/search.json
2025-10-24 19:43:24 [[32minfo[39m] Outgoing request: [GET] https://app.ticketmaster.com/discovery/v2/events.json
2025-10-24 19:43:24 [[32minfo[39m] Outgoing request: [GET] https://app.ticketmaster.com/discovery/v2/events.json
2025-10-24 19:43:24 [[32minfo[39m] Outgoing request: [GET] https://serpapi.com/search.json
2025-10-24 19:43:24 [[32minfo[39m] Fetched 20 events from Ticketmaster
2025-10-24 19:43:24 [[32minfo[39m] Fetched 20 events from Ticketmaster
2025-10-24 19:43:36 [[32minfo[39m] Outgoing request: [GET] https://app.ticketmaster.com/discovery/v2/events.json
2025-10-24 19:43:36 [[32minfo[39m] Outgoing request: [GET] https://app.ticketmaster.com/discovery/v2/events.json
2025-10-24 19:43:36 [[32minfo[39m] Outgoing request: [GET] https://serpapi.com/search.json
2025-10-24 19:43:36 [[32minfo[39m] Fetched 20 events from Ticketmaster
2025-10-24 19:43:36 [[32minfo[39m] Outgoing request: [GET] https://app.ticketmaster.com/discovery/v2/events.json
2025-10-24 19:43:36 [[32minfo[39m] Outgoing request: [GET] https://app.ticketmaster.com/discovery/v2/events.json
2025-10-24 19:43:36 [[32minfo[39m] Outgoing request: [GET] https://serpapi.com/search.json
2025-10-24 19:43:36 [[32minfo[39m] Fetched 20 events from Ticketmaster
2025-10-24 19:47:33 [[32minfo[39m] Outgoing request: [GET] https://app.ticketmaster.com/discovery/v2/events.json
2025-10-24 19:47:33 [[32minfo[39m] Outgoing request: [GET] https://app.ticketmaster.com/discovery/v2/events.json
2025-10-24 19:47:33 [[32minfo[39m] Outgoing request: [GET] https://serpapi.com/search.json
2025-10-24 19:47:33 [[32minfo[39m] Outgoing request: [GET] https://app.ticketmaster.com/discovery/v2/events.json
2025-10-24 19:47:33 [[32minfo[39m] Outgoing request: [GET] https://app.ticketmaster.com/discovery/v2/events.json
2025-10-24 19:47:33 [[32minfo[39m] Outgoing request: [GET] https://serpapi.com/search.json
2025-10-24 19:47:34 [[32minfo[39m] Fetched 20 events from Ticketmaster
2025-10-24 19:47:34 [[32minfo[39m] Fetched 20 events from Ticketmaster
2025-10-24 19:47:39 [[32minfo[39m] Outgoing request: [GET] https://app.ticketmaster.com/discovery/v2/events.json
2025-10-24 19:47:39 [[32minfo[39m] Outgoing request: [GET] https://app.ticketmaster.com/discovery/v2/events.json
2025-10-24 19:47:39 [[32minfo[39m] Outgoing request: [GET] https://serpapi.com/search.json
2025-10-24 19:47:39 [[32minfo[39m] Fetched 20 events from Ticketmaster
2025-10-24 19:47:39 [[32minfo[39m] Outgoing request: [GET] https://app.ticketmaster.com/discovery/v2/events.json
2025-10-24 19:47:39 [[32minfo[39m] Outgoing request: [GET] https://app.ticketmaster.com/discovery/v2/events.json
2025-10-24 19:47:39 [[32minfo[39m] Outgoing request: [GET] https://serpapi.com/search.json
2025-10-24 19:47:39 [[32minfo[39m] Fetched 20 events from Ticketmaster
2025-10-24 19:47:42 [[32minfo[39m] Outgoing request: [GET] https://app.ticketmaster.com/discovery/v2/events.json
2025-10-24 19:47:42 [[32minfo[39m] Outgoing request: [GET] https://app.ticketmaster.com/discovery/v2/events.json
2025-10-24 19:47:42 [[32minfo[39m] Outgoing request: [GET] https://serpapi.com/search.json
2025-10-24 19:47:42 [[32minfo[39m] Fetched 20 events from Ticketmaster
2025-10-24 19:47:42 [[32minfo[39m] Outgoing request: [GET] https://app.ticketmaster.com/discovery/v2/events.json
2025-10-24 19:47:42 [[32minfo[39m] Outgoing request: [GET] https://app.ticketmaster.com/discovery/v2/events.json
2025-10-24 19:47:42 [[32minfo[39m] Outgoing request: [GET] https://serpapi.com/search.json
2025-10-24 19:47:42 [[32minfo[39m] Fetched 20 events from Ticketmaster
2025-10-24 19:48:59 [[32minfo[39m] Outgoing request: [GET] https://app.ticketmaster.com/discovery/v2/events.json
2025-10-24 19:48:59 [[32minfo[39m] Outgoing request: [GET] https://app.ticketmaster.com/discovery/v2/events.json
2025-10-24 19:48:59 [[32minfo[39m] Outgoing request: [GET] https://serpapi.com/search.json
2025-10-24 19:48:59 [[32minfo[39m] Fetched 20 events from Ticketmaster
2025-10-24 19:48:59 [[32minfo[39m] Outgoing request: [GET] https://app.ticketmaster.com/discovery/v2/events.json
2025-10-24 19:48:59 [[32minfo[39m] Outgoing request: [GET] https://app.ticketmaster.com/discovery/v2/events.json
2025-10-24 19:48:59 [[32minfo[39m] Outgoing request: [GET] https://serpapi.com/search.json
2025-10-24 19:48:59 [[32minfo[39m] Fetched 20 events from Ticketmaster
2025-10-24 19:49:03 [[32minfo[39m] Outgoing request: [GET] https://app.ticketmaster.com/discovery/v2/events.json
2025-10-24 19:49:03 [[32minfo[39m] Outgoing request: [GET] https://app.ticketmaster.com/discovery/v2/events.json
2025-10-24 19:49:03 [[32minfo[39m] Outgoing request: [GET] https://serpapi.com/search.json
2025-10-24 19:49:03 [[32minfo[39m] Outgoing request: [GET] https://app.ticketmaster.com/discovery/v2/events.json
2025-10-24 19:49:03 [[32minfo[39m] Outgoing request: [GET] https://app.ticketmaster.com/discovery/v2/events.json
2025-10-24 19:49:03 [[32minfo[39m] Outgoing request: [GET] https://serpapi.com/search.json
2025-10-24 19:49:04 [[32minfo[39m] Fetched 20 events from Ticketmaster
2025-10-24 19:49:04 [[32minfo[39m] Fetched 20 events from Ticketmaster
2025-10-24 19:50:25 [[32minfo[39m] Outgoing request: [GET] https://app.ticketmaster.com/discovery/v2/events.json
2025-10-24 19:50:25 [[32minfo[39m] Outgoing request: [GET] https://app.ticketmaster.com/discovery/v2/events.json
2025-10-24 19:50:25 [[32minfo[39m] Outgoing request: [GET] https://serpapi.com/search.json
2025-10-24 19:50:25 [[32minfo[39m] Outgoing request: [GET] https://app.ticketmaster.com/discovery/v2/events.json
2025-10-24 19:50:25 [[32minfo[39m] Outgoing request: [GET] https://app.ticketmaster.com/discovery/v2/events.json
2025-10-24 19:50:25 [[32minfo[39m] Outgoing request: [GET] https://serpapi.com/search.json
2025-10-24 19:50:25 [[32minfo[39m] Fetched 20 events from Ticketmaster
2025-10-24 19:50:25 [[32minfo[39m] Fetched 20 events from Ticketmaster
2025-10-24 19:53:21 [[32minfo[39m] Outgoing request: [GET] https://app.ticketmaster.com/discovery/v2/events.json
2025-10-24 19:53:21 [[32minfo[39m] Outgoing request: [GET] https://app.ticketmaster.com/discovery/v2/events.json
2025-10-24 19:53:21 [[32minfo[39m] Outgoing request: [GET] https://serpapi.com/search.json
2025-10-24 19:53:21 [[32minfo[39m] Outgoing request: [GET] https://app.ticketmaster.com/discovery/v2/events.json
2025-10-24 19:53:21 [[32minfo[39m] Outgoing request: [GET] https://app.ticketmaster.com/discovery/v2/events.json
2025-10-24 19:53:21 [[32minfo[39m] Outgoing request: [GET] https://serpapi.com/search.json
2025-10-24 19:53:21 [[32minfo[39m] Fetched 20 events from Ticketmaster
2025-10-24 19:53:21 [[32minfo[39m] Fetched 20 events from Ticketmaster
2025-10-24 19:53:22 [[32minfo[39m] Outgoing request: [GET] https://app.ticketmaster.com/discovery/v2/events.json
2025-10-24 19:53:22 [[32minfo[39m] Outgoing request: [GET] https://app.ticketmaster.com/discovery/v2/events.json
2025-10-24 19:53:22 [[32minfo[39m] Outgoing request: [GET] https://serpapi.com/search.json
2025-10-24 19:53:22 [[32minfo[39m] Fetched 20 events from Ticketmaster
2025-10-24 19:53:26 [[32minfo[39m] Outgoing request: [GET] https://app.ticketmaster.com/discovery/v2/events.json
2025-10-24 19:53:26 [[32minfo[39m] Outgoing request: [GET] https://app.ticketmaster.com/discovery/v2/events.json
2025-10-24 19:53:26 [[32minfo[39m] Outgoing request: [GET] https://serpapi.com/search.json
2025-10-24 19:53:26 [[32minfo[39m] Fetched 20 events from Ticketmaster
2025-10-24 19:53:26 [[32minfo[39m] Outgoing request: [GET] https://app.ticketmaster.com/discovery/v2/events.json
2025-10-24 19:53:26 [[32minfo[39m] Outgoing request: [GET] https://app.ticketmaster.com/discovery/v2/events.json
2025-10-24 19:53:26 [[32minfo[39m] Outgoing request: [GET] https://serpapi.com/search.json
2025-10-24 19:53:27 [[32minfo[39m] Fetched 20 events from Ticketmaster
2025-10-24 19:53:28 [[32minfo[39m] Outgoing request: [GET] https://app.ticketmaster.com/discovery/v2/events.json
2025-10-24 19:53:28 [[32minfo[39m] Outgoing request: [GET] https://app.ticketmaster.com/discovery/v2/events.json
2025-10-24 19:53:28 [[32minfo[39m] Outgoing request: [GET] https://serpapi.com/search.json
2025-10-24 19:53:28 [[32minfo[39m] Fetched 20 events from Ticketmaster
2025-10-24 19:53:28 [[32minfo[39m] Outgoing request: [GET] https://app.ticketmaster.com/discovery/v2/events.json
2025-10-24 19:53:28 [[32minfo[39m] Outgoing request: [GET] https://app.ticketmaster.com/discovery/v2/events.json
2025-10-24 19:53:28 [[32minfo[39m] Outgoing request: [GET] https://serpapi.com/search.json
2025-10-24 19:53:28 [[32minfo[39m] Fetched 20 events from Ticketmaster
2025-10-24 19:53:30 [[32minfo[39m] Outgoing request: [GET] https://app.ticketmaster.com/discovery/v2/events.json
2025-10-24 19:53:30 [[32minfo[39m] Outgoing request: [GET] https://app.ticketmaster.com/discovery/v2/events.json
2025-10-24 19:53:30 [[32minfo[39m] Outgoing request: [GET] https://serpapi.com/search.json
2025-10-24 19:53:30 [[32minfo[39m] Fetched 20 events from Ticketmaster
2025-10-24 19:53:34 [[32minfo[39m] Outgoing request: [GET] https://app.ticketmaster.com/discovery/v2/events.json
2025-10-24 19:53:34 [[32minfo[39m] Outgoing request: [GET] https://app.ticketmaster.com/discovery/v2/events.json
2025-10-24 19:53:34 [[32minfo[39m] Outgoing request: [GET] https://serpapi.com/search.json
2025-10-24 19:53:35 [[32minfo[39m] Fetched 20 events from Ticketmaster
2025-10-24 19:53:35 [[32minfo[39m] Outgoing request: [GET] https://app.ticketmaster.com/discovery/v2/events.json
2025-10-24 19:53:35 [[32minfo[39m] Outgoing request: [GET] https://app.ticketmaster.com/discovery/v2/events.json
2025-10-24 19:53:35 [[32minfo[39m] Outgoing request: [GET] https://serpapi.com/search.json
2025-10-24 19:53:35 [[32minfo[39m] Fetched 20 events from Ticketmaster
2025-10-24 19:53:45 [[32minfo[39m] Outgoing request: [GET] https://app.ticketmaster.com/discovery/v2/events.json
2025-10-24 19:53:45 [[32minfo[39m] Outgoing request: [GET] https://app.ticketmaster.com/discovery/v2/events.json
2025-10-24 19:53:45 [[32minfo[39m] Outgoing request: [GET] https://serpapi.com/search.json
2025-10-24 19:53:45 [[32minfo[39m] Fetched 20 events from Ticketmaster
2025-10-24 19:53:45 [[32minfo[39m] Outgoing request: [GET] https://app.ticketmaster.com/discovery/v2/events.json
2025-10-24 19:53:45 [[32minfo[39m] Outgoing request: [GET] https://app.ticketmaster.com/discovery/v2/events.json
2025-10-24 19:53:45 [[32minfo[39m] Outgoing request: [GET] https://serpapi.com/search.json
2025-10-24 19:53:45 [[32minfo[39m] Fetched 20 events from Ticketmaster
2025-10-24 19:54:18 [[32minfo[39m] Outgoing request: [GET] https://app.ticketmaster.com/discovery/v2/events.json
2025-10-24 19:54:18 [[32minfo[39m] Outgoing request: [GET] https://app.ticketmaster.com/discovery/v2/events.json
2025-10-24 19:54:18 [[32minfo[39m] Outgoing request: [GET] https://serpapi.com/search.json
2025-10-24 19:54:19 [[32minfo[39m] Fetched 20 events from Ticketmaster
2025-10-24 19:57:18 [[32minfo[39m] Outgoing request: [GET] https://app.ticketmaster.com/discovery/v2/events.json
2025-10-24 19:57:18 [[32minfo[39m] Outgoing request: [GET] https://app.ticketmaster.com/discovery/v2/events.json
2025-10-24 19:57:18 [[32minfo[39m] Outgoing request: [GET] https://serpapi.com/search.json
2025-10-24 19:57:19 [[32minfo[39m] Fetched 20 events from Ticketmaster
2025-10-24 20:02:09 [[32minfo[39m] Outgoing request: [GET] https://app.ticketmaster.com/discovery/v2/events.json
2025-10-24 20:02:09 [[32minfo[39m] Outgoing request: [GET] https://app.ticketmaster.com/discovery/v2/events.json
2025-10-24 20:02:09 [[32minfo[39m] Outgoing request: [GET] https://serpapi.com/search.json
2025-10-24 20:02:09 [[32minfo[39m] Fetched 20 events from Ticketmaster
2025-10-24 20:02:15 [[32minfo[39m] Outgoing request: [GET] https://app.ticketmaster.com/discovery/v2/events.json
2025-10-24 20:02:15 [[32minfo[39m] Outgoing request: [GET] https://app.ticketmaster.com/discovery/v2/events.json
2025-10-24 20:02:15 [[32minfo[39m] Outgoing request: [GET] https://serpapi.com/search.json
2025-10-24 20:02:15 [[32minfo[39m] Outgoing request: [GET] https://app.ticketmaster.com/discovery/v2/events.json
2025-10-24 20:02:15 [[32minfo[39m] Outgoing request: [GET] https://app.ticketmaster.com/discovery/v2/events.json
2025-10-24 20:02:15 [[32minfo[39m] Outgoing request: [GET] https://serpapi.com/search.json
2025-10-24 20:02:15 [[32minfo[39m] Fetched 20 events from Ticketmaster
2025-10-24 20:02:15 [[32minfo[39m] Fetched 20 events from Ticketmaster
2025-10-24 20:05:04 [[32minfo[39m] Outgoing request: [GET] https://app.ticketmaster.com/discovery/v2/events.json
2025-10-24 20:05:04 [[32minfo[39m] Outgoing request: [GET] https://app.ticketmaster.com/discovery/v2/events.json
2025-10-24 20:05:04 [[32minfo[39m] Outgoing request: [GET] https://serpapi.com/search.json
2025-10-24 20:05:04 [[32minfo[39m] Fetched 20 events from Ticketmaster
2025-10-24 20:06:48 [[32minfo[39m] Outgoing request: [GET] https://app.ticketmaster.com/discovery/v2/events.json
2025-10-24 20:06:48 [[32minfo[39m] Outgoing request: [GET] https://app.ticketmaster.com/discovery/v2/events.json
2025-10-24 20:06:48 [[32minfo[39m] Outgoing request: [GET] https://serpapi.com/search.json
2025-10-24 20:06:48 [[32minfo[39m] Fetched 20 events from Ticketmaster
2025-10-24 20:06:54 [[32minfo[39m] Outgoing request: [GET] https://app.ticketmaster.com/discovery/v2/events.json
2025-10-24 20:06:54 [[32minfo[39m] Outgoing request: [GET] https://app.ticketmaster.com/discovery/v2/events.json
2025-10-24 20:06:54 [[32minfo[39m] Outgoing request: [GET] https://serpapi.com/search.json
2025-10-24 20:06:54 [[32minfo[39m] Fetched 20 events from Ticketmaster
2025-10-24 20:10:01 [[32minfo[39m] Outgoing request: [GET] https://app.ticketmaster.com/discovery/v2/events.json
2025-10-24 20:10:01 [[32minfo[39m] Outgoing request: [GET] https://app.ticketmaster.com/discovery/v2/events.json
2025-10-24 20:10:01 [[32minfo[39m] Outgoing request: [GET] https://serpapi.com/search.json
2025-10-24 20:10:01 [[32minfo[39m] Outgoing request: [GET] https://app.ticketmaster.com/discovery/v2/events.json
2025-10-24 20:10:01 [[32minfo[39m] Outgoing request: [GET] https://app.ticketmaster.com/discovery/v2/events.json
2025-10-24 20:10:01 [[32minfo[39m] Outgoing request: [GET] https://serpapi.com/search.json
2025-10-24 20:10:02 [[32minfo[39m] Fetched 20 events from Ticketmaster
2025-10-24 20:10:02 [[32minfo[39m] Fetched 20 events from Ticketmaster
2025-10-24 20:10:27 [[32minfo[39m] Outgoing request: [GET] https://app.ticketmaster.com/discovery/v2/events.json
2025-10-24 20:10:27 [[32minfo[39m] Outgoing request: [GET] https://app.ticketmaster.com/discovery/v2/events.json
2025-10-24 20:10:27 [[32minfo[39m] Outgoing request: [GET] https://serpapi.com/search.json
2025-10-24 20:10:27 [[32minfo[39m] Outgoing request: [GET] https://app.ticketmaster.com/discovery/v2/events.json
2025-10-24 20:10:27 [[32minfo[39m] Outgoing request: [GET] https://app.ticketmaster.com/discovery/v2/events.json
2025-10-24 20:10:27 [[32minfo[39m] Outgoing request: [GET] https://serpapi.com/search.json
2025-10-24 20:10:27 [[32minfo[39m] Fetched 20 events from Ticketmaster
2025-10-24 20:10:28 [[32minfo[39m] Fetched 20 events from Ticketmaster
2025-10-24 20:12:24 [[32minfo[39m] Outgoing request: [GET] https://app.ticketmaster.com/discovery/v2/events.json
2025-10-24 20:12:24 [[32minfo[39m] Outgoing request: [GET] https://app.ticketmaster.com/discovery/v2/events.json
2025-10-24 20:12:24 [[32minfo[39m] Outgoing request: [GET] https://serpapi.com/search.json
2025-10-24 20:12:24 [[32minfo[39m] Outgoing request: [GET] https://app.ticketmaster.com/discovery/v2/events.json
2025-10-24 20:12:24 [[32minfo[39m] Outgoing request: [GET] https://app.ticketmaster.com/discovery/v2/events.json
2025-10-24 20:12:24 [[32minfo[39m] Outgoing request: [GET] https://serpapi.com/search.json
2025-10-24 20:12:24 [[32minfo[39m] Fetched 20 events from Ticketmaster
2025-10-24 20:12:24 [[32minfo[39m] Fetched 20 events from Ticketmaster
2025-10-24 20:13:11 [[32minfo[39m] Outgoing request: [GET] https://app.ticketmaster.com/discovery/v2/events.json
2025-10-24 20:13:11 [[32minfo[39m] Outgoing request: [GET] https://app.ticketmaster.com/discovery/v2/events.json
2025-10-24 20:13:11 [[32minfo[39m] Outgoing request: [GET] https://serpapi.com/search.json
2025-10-24 20:13:11 [[32minfo[39m] Outgoing request: [GET] https://app.ticketmaster.com/discovery/v2/events.json
2025-10-24 20:13:11 [[32minfo[39m] Outgoing request: [GET] https://app.ticketmaster.com/discovery/v2/events.json
2025-10-24 20:13:11 [[32minfo[39m] Outgoing request: [GET] https://serpapi.com/search.json
2025-10-24 20:13:11 [[33mwarn[39m] Retrying request to https://app.ticketmaster.com/discovery/v2/events.json due to temporary failure (429)...
2025-10-24 20:13:11 [[32minfo[39m] Fetched 20 events from Ticketmaster
2025-10-24 20:13:13 [[32minfo[39m] Outgoing request: [GET] https://app.ticketmaster.com/discovery/v2/events.json
2025-10-24 20:13:13 [[32minfo[39m] Fetched 20 events from Ticketmaster
2025-10-24 20:22:10 [[32minfo[39m] Outgoing request: [GET] https://app.ticketmaster.com/discovery/v2/events.json
2025-10-24 20:22:10 [[32minfo[39m] Outgoing request: [GET] https://app.ticketmaster.com/discovery/v2/events.json
2025-10-24 20:22:10 [[32minfo[39m] Outgoing request: [GET] https://serpapi.com/search.json
2025-10-24 20:22:10 [[32minfo[39m] Outgoing request: [GET] https://app.ticketmaster.com/discovery/v2/events.json
2025-10-24 20:22:10 [[32minfo[39m] Outgoing request: [GET] https://app.ticketmaster.com/discovery/v2/events.json
2025-10-24 20:22:10 [[32minfo[39m] Outgoing request: [GET] https://serpapi.com/search.json
2025-10-24 20:22:10 [[32minfo[39m] Fetched 20 events from Ticketmaster
2025-10-24 20:22:10 [[32minfo[39m] Fetched 20 events from Ticketmaster
2025-10-24 20:23:17 [[32minfo[39m] Outgoing request: [GET] https://app.ticketmaster.com/discovery/v2/events.json
2025-10-24 20:23:17 [[32minfo[39m] Outgoing request: [GET] https://app.ticketmaster.com/discovery/v2/events.json
2025-10-24 20:23:17 [[32minfo[39m] Outgoing request: [GET] https://serpapi.com/search.json
2025-10-24 20:23:17 [[32minfo[39m] Outgoing request: [GET] https://app.ticketmaster.com/discovery/v2/events.json
2025-10-24 20:23:17 [[32minfo[39m] Outgoing request: [GET] https://app.ticketmaster.com/discovery/v2/events.json
2025-10-24 20:23:17 [[32minfo[39m] Outgoing request: [GET] https://serpapi.com/search.json
2025-10-24 20:23:18 [[32minfo[39m] Fetched 20 events from Ticketmaster
2025-10-24 20:23:18 [[32minfo[39m] Fetched 20 events from Ticketmaster
2025-10-24 20:23:31 [[32minfo[39m] Outgoing request: [GET] https://app.ticketmaster.com/discovery/v2/events.json
2025-10-24 20:23:31 [[32minfo[39m] Outgoing request: [GET] https://app.ticketmaster.com/discovery/v2/events.json
2025-10-24 20:23:31 [[32minfo[39m] Outgoing request: [GET] https://serpapi.com/search.json
2025-10-24 20:23:31 [[32minfo[39m] Outgoing request: [GET] https://app.ticketmaster.com/discovery/v2/events.json
2025-10-24 20:23:31 [[32minfo[39m] Outgoing request: [GET] https://app.ticketmaster.com/discovery/v2/events.json
2025-10-24 20:23:31 [[32minfo[39m] Outgoing request: [GET] https://serpapi.com/search.json
2025-10-24 20:23:31 [[32minfo[39m] Fetched 20 events from Ticketmaster
2025-10-24 20:23:31 [[32minfo[39m] Fetched 20 events from Ticketmaster
2025-10-24 20:23:35 [[32minfo[39m] Outgoing request: [GET] https://app.ticketmaster.com/discovery/v2/events.json
2025-10-24 20:23:35 [[32minfo[39m] Outgoing request: [GET] https://app.ticketmaster.com/discovery/v2/events.json
2025-10-24 20:23:35 [[32minfo[39m] Outgoing request: [GET] https://serpapi.com/search.json
2025-10-24 20:23:35 [[32minfo[39m] Fetched 20 events from Ticketmaster
2025-10-24 20:23:39 [[32minfo[39m] Outgoing request: [GET] https://app.ticketmaster.com/discovery/v2/events.json
2025-10-24 20:23:39 [[32minfo[39m] Outgoing request: [GET] https://app.ticketmaster.com/discovery/v2/events.json
2025-10-24 20:23:39 [[32minfo[39m] Outgoing request: [GET] https://serpapi.com/search.json
2025-10-24 20:23:39 [[32minfo[39m] Fetched 20 events from Ticketmaster
2025-10-24 20:23:42 [[32minfo[39m] Outgoing request: [GET] https://app.ticketmaster.com/discovery/v2/events.json
2025-10-24 20:23:42 [[32minfo[39m] Outgoing request: [GET] https://app.ticketmaster.com/discovery/v2/events.json
2025-10-24 20:23:42 [[32minfo[39m] Outgoing request: [GET] https://serpapi.com/search.json
2025-10-24 20:23:42 [[32minfo[39m] Fetched 20 events from Ticketmaster
2025-10-24 20:23:42 [[32minfo[39m] Outgoing request: [GET] https://app.ticketmaster.com/discovery/v2/events.json
2025-10-24 20:23:42 [[32minfo[39m] Outgoing request: [GET] https://app.ticketmaster.com/discovery/v2/events.json
2025-10-24 20:23:42 [[32minfo[39m] Outgoing request: [GET] https://serpapi.com/search.json
2025-10-24 20:23:42 [[32minfo[39m] Fetched 20 events from Ticketmaster
2025-10-24 20:23:44 [[32minfo[39m] Outgoing request: [GET] https://app.ticketmaster.com/discovery/v2/events.json
2025-10-24 20:23:44 [[32minfo[39m] Outgoing request: [GET] https://app.ticketmaster.com/discovery/v2/events.json
2025-10-24 20:23:44 [[32minfo[39m] Outgoing request: [GET] https://serpapi.com/search.json
2025-10-24 20:23:44 [[32minfo[39m] Fetched 20 events from Ticketmaster
2025-10-24 20:23:47 [[32minfo[39m] Outgoing request: [GET] https://app.ticketmaster.com/discovery/v2/events.json
2025-10-24 20:23:47 [[32minfo[39m] Outgoing request: [GET] https://app.ticketmaster.com/discovery/v2/events.json
2025-10-24 20:23:47 [[32minfo[39m] Outgoing request: [GET] https://serpapi.com/search.json
2025-10-24 20:23:47 [[32minfo[39m] Fetched 20 events from Ticketmaster
2025-10-24 20:23:51 [[32minfo[39m] Outgoing request: [GET] https://app.ticketmaster.com/discovery/v2/events.json
2025-10-24 20:23:51 [[32minfo[39m] Outgoing request: [GET] https://app.ticketmaster.com/discovery/v2/events.json
2025-10-24 20:23:51 [[32minfo[39m] Outgoing request: [GET] https://serpapi.com/search.json
2025-10-24 20:23:51 [[32minfo[39m] Fetched 20 events from Ticketmaster
2025-10-25 19:04:55 [[32minfo[39m] Database connection established.
2025-10-25 19:04:55 [[32minfo[39m] Database synced
2025-10-25 19:04:55 [[32minfo[39m] Server running on port 5000
2025-10-25 19:06:37 [[32minfo[39m] Outgoing request: [GET] https://app.ticketmaster.com/discovery/v2/events.json
2025-10-25 19:06:37 [[32minfo[39m] Outgoing request: [GET] https://app.ticketmaster.com/discovery/v2/events.json
2025-10-25 19:06:37 [[32minfo[39m] Outgoing request: [GET] https://serpapi.com/search.json
2025-10-25 19:06:37 [[32minfo[39m] Outgoing request: [GET] https://app.ticketmaster.com/discovery/v2/events.json
2025-10-25 19:06:37 [[32minfo[39m] Outgoing request: [GET] https://app.ticketmaster.com/discovery/v2/events.json
2025-10-25 19:06:37 [[32minfo[39m] Outgoing request: [GET] https://serpapi.com/search.json
2025-10-25 19:06:37 [[32minfo[39m] Fetched 20 events from Ticketmaster
2025-10-25 19:06:37 [[32minfo[39m] Fetched 20 events from Ticketmaster
2025-10-25 19:06:56 [[32minfo[39m] Outgoing request: [GET] https://app.ticketmaster.com/discovery/v2/events.json
2025-10-25 19:06:56 [[32minfo[39m] Outgoing request: [GET] https://app.ticketmaster.com/discovery/v2/events.json
2025-10-25 19:06:56 [[32minfo[39m] Outgoing request: [GET] https://serpapi.com/search.json
2025-10-25 19:06:56 [[32minfo[39m] Fetched 20 events from Ticketmaster
2025-10-25 19:06:56 [[32minfo[39m] Outgoing request: [GET] https://app.ticketmaster.com/discovery/v2/events.json
2025-10-25 19:06:56 [[32minfo[39m] Outgoing request: [GET] https://app.ticketmaster.com/discovery/v2/events.json
2025-10-25 19:06:56 [[32minfo[39m] Outgoing request: [GET] https://serpapi.com/search.json
2025-10-25 19:06:56 [[32minfo[39m] Fetched 20 events from Ticketmaster
2025-10-25 19:23:00 [[32minfo[39m] Database connection established.
2025-10-25 19:23:00 [[32minfo[39m] Database synced
2025-10-25 19:23:00 [[32minfo[39m] Server running on port 5000
2025-10-25 19:23:04 [[32minfo[39m] Outgoing request: [GET] https://app.ticketmaster.com/discovery/v2/events.json
2025-10-25 19:23:04 [[32minfo[39m] Outgoing request: [GET] https://app.ticketmaster.com/discovery/v2/events.json
2025-10-25 19:23:04 [[32minfo[39m] Outgoing request: [GET] https://serpapi.com/search.json
2025-10-25 19:23:04 [[32minfo[39m] Outgoing request: [GET] https://app.ticketmaster.com/discovery/v2/events.json
2025-10-25 19:23:04 [[32minfo[39m] Outgoing request: [GET] https://app.ticketmaster.com/discovery/v2/events.json
2025-10-25 19:23:04 [[32minfo[39m] Outgoing request: [GET] https://serpapi.com/search.json
2025-10-25 19:23:04 [[32minfo[39m] Fetched 20 events from Ticketmaster
2025-10-25 19:23:04 [[32minfo[39m] Fetched 20 events from Ticketmaster
2025-10-25 19:26:34 [[32minfo[39m] Database connection established.
2025-10-25 19:26:35 [[32minfo[39m] Database synced
2025-10-25 19:26:35 [[32minfo[39m] Server running on port 5000
2025-10-25 19:26:39 [[32minfo[39m] Outgoing request: [GET] https://app.ticketmaster.com/discovery/v2/events.json
2025-10-25 19:26:39 [[32minfo[39m] Outgoing request: [GET] https://app.ticketmaster.com/discovery/v2/events.json
2025-10-25 19:26:39 [[32minfo[39m] Outgoing request: [GET] https://serpapi.com/search.json
2025-10-25 19:26:39 [[32minfo[39m] Outgoing request: [GET] https://app.ticketmaster.com/discovery/v2/events.json
2025-10-25 19:26:39 [[32minfo[39m] Outgoing request: [GET] https://app.ticketmaster.com/discovery/v2/events.json
2025-10-25 19:26:39 [[32minfo[39m] Outgoing request: [GET] https://serpapi.com/search.json
2025-10-25 19:26:39 [[32minfo[39m] Fetched 20 events from Ticketmaster
2025-10-25 19:26:39 [[32minfo[39m] Fetched 20 events from Ticketmaster
2025-10-25 19:26:40 [[32minfo[39m] Outgoing request: [GET] https://app.ticketmaster.com/discovery/v2/events.json
2025-10-25 19:26:40 [[32minfo[39m] Outgoing request: [GET] https://app.ticketmaster.com/discovery/v2/events.json
2025-10-25 19:26:40 [[32minfo[39m] Outgoing request: [GET] https://serpapi.com/search.json
2025-10-25 19:26:40 [[32minfo[39m] Fetched 20 events from Ticketmaster
2025-10-25 19:26:47 [[32minfo[39m] Outgoing request: [GET] https://app.ticketmaster.com/discovery/v2/events.json
2025-10-25 19:26:47 [[32minfo[39m] Outgoing request: [GET] https://app.ticketmaster.com/discovery/v2/events.json
2025-10-25 19:26:47 [[32minfo[39m] Outgoing request: [GET] https://serpapi.com/search.json
2025-10-25 19:26:47 [[32minfo[39m] Fetched 20 events from Ticketmaster
2025-10-25 19:26:47 [[32minfo[39m] Outgoing request: [GET] https://app.ticketmaster.com/discovery/v2/events.json
2025-10-25 19:26:47 [[32minfo[39m] Outgoing request: [GET] https://app.ticketmaster.com/discovery/v2/events.json
2025-10-25 19:26:47 [[32minfo[39m] Outgoing request: [GET] https://serpapi.com/search.json
2025-10-25 19:26:47 [[32minfo[39m] Fetched 20 events from Ticketmaster
2025-10-25 19:29:31 [[32minfo[39m] Database connection established.
2025-10-25 19:29:32 [[32minfo[39m] Database synced
2025-10-25 19:29:32 [[32minfo[39m] Server running on port 5000
2025-10-25 19:29:39 [[32minfo[39m] Outgoing request: [GET] https://app.ticketmaster.com/discovery/v2/events.json
2025-10-25 19:29:39 [[32minfo[39m] Outgoing request: [GET] https://app.ticketmaster.com/discovery/v2/events.json
2025-10-25 19:29:39 [[32minfo[39m] Outgoing request: [GET] https://app.ticketmaster.com/discovery/v2/events.json
2025-10-25 19:29:39 [[32minfo[39m] Outgoing request: [GET] https://app.ticketmaster.com/discovery/v2/events.json
2025-10-25 19:29:39 [[32minfo[39m] Fetched 20 events from Ticketmaster
2025-10-25 19:29:39 [[32minfo[39m] Fetched 20 events from Ticketmaster
2025-10-25 19:29:48 [[32minfo[39m] Outgoing request: [GET] https://app.ticketmaster.com/discovery/v2/events.json
2025-10-25 19:29:48 [[32minfo[39m] Outgoing request: [GET] https://app.ticketmaster.com/discovery/v2/events.json
2025-10-25 19:29:48 [[32minfo[39m] Fetched 20 events from Ticketmaster
2025-10-25 19:29:56 [[32minfo[39m] Outgoing request: [GET] https://app.ticketmaster.com/discovery/v2/events.json
2025-10-25 19:29:56 [[32minfo[39m] Outgoing request: [GET] https://app.ticketmaster.com/discovery/v2/events.json
2025-10-25 19:29:56 [[32minfo[39m] Fetched 20 events from Ticketmaster
2025-10-25 19:29:58 [[32minfo[39m] Outgoing request: [GET] https://app.ticketmaster.com/discovery/v2/events.json
2025-10-25 19:29:58 [[32minfo[39m] Outgoing request: [GET] https://app.ticketmaster.com/discovery/v2/events.json
2025-10-25 19:29:58 [[32minfo[39m] Fetched 20 events from Ticketmaster
2025-10-25 19:29:59 [[32minfo[39m] Outgoing request: [GET] https://app.ticketmaster.com/discovery/v2/events.json
2025-10-25 19:29:59 [[32minfo[39m] Outgoing request: [GET] https://app.ticketmaster.com/discovery/v2/events.json
2025-10-25 19:29:59 [[32minfo[39m] Fetched 20 events from Ticketmaster
2025-10-25 19:29:59 [[32minfo[39m] Outgoing request: [GET] https://app.ticketmaster.com/discovery/v2/events.json
2025-10-25 19:29:59 [[32minfo[39m] Outgoing request: [GET] https://app.ticketmaster.com/discovery/v2/events.json
2025-10-25 19:29:59 [[32minfo[39m] Fetched 20 events from Ticketmaster
2025-10-25 19:30:00 [[32minfo[39m] Outgoing request: [GET] https://app.ticketmaster.com/discovery/v2/events.json
2025-10-25 19:30:00 [[32minfo[39m] Outgoing request: [GET] https://app.ticketmaster.com/discovery/v2/events.json
2025-10-25 19:30:00 [[32minfo[39m] Fetched 20 events from Ticketmaster
2025-10-25 19:30:00 [[32minfo[39m] Outgoing request: [GET] https://app.ticketmaster.com/discovery/v2/events.json
2025-10-25 19:30:00 [[32minfo[39m] Outgoing request: [GET] https://app.ticketmaster.com/discovery/v2/events.json
2025-10-25 19:30:00 [[32minfo[39m] Fetched 20 events from Ticketmaster
2025-10-25 19:30:00 [[32minfo[39m] Outgoing request: [GET] https://app.ticketmaster.com/discovery/v2/events.json
2025-10-25 19:30:00 [[32minfo[39m] Outgoing request: [GET] https://app.ticketmaster.com/discovery/v2/events.json
2025-10-25 19:30:00 [[32minfo[39m] Fetched 20 events from Ticketmaster
2025-10-25 19:30:10 [[32minfo[39m] Outgoing request: [GET] https://app.ticketmaster.com/discovery/v2/events.json
2025-10-25 19:30:10 [[32minfo[39m] Outgoing request: [GET] https://app.ticketmaster.com/discovery/v2/events.json
2025-10-25 19:30:10 [[32minfo[39m] Fetched 20 events from Ticketmaster
2025-10-25 19:30:10 [[32minfo[39m] Outgoing request: [GET] https://app.ticketmaster.com/discovery/v2/events.json
2025-10-25 19:30:10 [[32minfo[39m] Outgoing request: [GET] https://app.ticketmaster.com/discovery/v2/events.json
2025-10-25 19:30:10 [[32minfo[39m] Fetched 20 events from Ticketmaster
2025-10-25 19:30:11 [[32minfo[39m] Outgoing request: [GET] https://app.ticketmaster.com/discovery/v2/events.json
2025-10-25 19:30:11 [[32minfo[39m] Outgoing request: [GET] https://app.ticketmaster.com/discovery/v2/events.json
2025-10-25 19:30:11 [[32minfo[39m] Fetched 20 events from Ticketmaster
2025-10-25 19:34:00 [[32minfo[39m] Outgoing request: [GET] https://app.ticketmaster.com/discovery/v2/events.json
2025-10-25 19:34:00 [[32minfo[39m] Outgoing request: [GET] https://app.ticketmaster.com/discovery/v2/events.json
2025-10-25 19:34:00 [[32minfo[39m] Outgoing request: [GET] https://app.ticketmaster.com/discovery/v2/events.json
2025-10-25 19:34:00 [[32minfo[39m] Outgoing request: [GET] https://app.ticketmaster.com/discovery/v2/events.json
2025-10-25 19:34:01 [[32minfo[39m] Fetched 20 events from Ticketmaster
2025-10-25 19:34:01 [[32minfo[39m] Fetched 20 events from Ticketmaster
2025-10-25 19:34:05 [[32minfo[39m] Outgoing request: [GET] https://app.ticketmaster.com/discovery/v2/events.json
2025-10-25 19:34:05 [[32minfo[39m] Outgoing request: [GET] https://app.ticketmaster.com/discovery/v2/events.json
2025-10-25 19:34:05 [[32minfo[39m] Fetched 20 events from Ticketmaster
2025-10-25 19:34:10 [[32minfo[39m] Outgoing request: [GET] https://app.ticketmaster.com/discovery/v2/events.json
2025-10-25 19:34:10 [[32minfo[39m] Outgoing request: [GET] https://app.ticketmaster.com/discovery/v2/events.json
2025-10-25 19:34:11 [[32minfo[39m] Fetched 20 events from Ticketmaster
2025-10-25 19:37:00 [[32minfo[39m] Outgoing request: [GET] https://app.ticketmaster.com/discovery/v2/events.json
2025-10-25 19:37:00 [[32minfo[39m] Outgoing request: [GET] https://app.ticketmaster.com/discovery/v2/events.json
2025-10-25 19:37:00 [[32minfo[39m] Outgoing request: [GET] https://app.ticketmaster.com/discovery/v2/events.json
2025-10-25 19:37:00 [[32minfo[39m] Outgoing request: [GET] https://app.ticketmaster.com/discovery/v2/events.json
2025-10-25 19:37:00 [[32minfo[39m] Fetched 20 events from Ticketmaster
2025-10-25 19:37:00 [[32minfo[39m] Fetched 20 events from Ticketmaster
2025-10-25 19:37:01 [[32minfo[39m] Outgoing request: [GET] https://app.ticketmaster.com/discovery/v2/events.json
2025-10-25 19:37:01 [[32minfo[39m] Outgoing request: [GET] https://app.ticketmaster.com/discovery/v2/events.json
2025-10-25 19:37:01 [[32minfo[39m] Fetched 20 events from Ticketmaster
2025-10-25 19:37:11 [[32minfo[39m] Database connection established.
2025-10-25 19:37:11 [[32minfo[39m] Database synced
2025-10-25 19:37:11 [[32minfo[39m] Server running on port 5000
2025-10-25 19:41:40 [[32minfo[39m] Database connection established.
2025-10-25 19:41:41 [[32minfo[39m] Database synced
2025-10-25 19:41:41 [[32minfo[39m] Server running on port 5000
2025-10-25 19:42:57 [[32minfo[39m] Database connection established.
2025-10-25 19:42:58 [[32minfo[39m] Database synced
2025-10-25 19:42:58 [[32minfo[39m] Server running on port 5000
2025-10-25 19:46:14 [[32minfo[39m] Database connection established.
2025-10-25 19:46:14 [[32minfo[39m] Database synced
2025-10-25 19:46:15 [[32minfo[39m] Server running on port 5000
2025-10-25 19:52:09 [[32minfo[39m] Database connection established.
2025-10-25 19:52:09 [[32minfo[39m] Database synced
2025-10-25 19:52:09 [[32minfo[39m] Server running on port 5000
2025-10-25 20:40:13 [[32minfo[39m] Database connection established.
2025-10-25 20:40:13 [[32minfo[39m] Database synced
2025-10-25 20:40:13 [[32minfo[39m] Server running on port 5000
2025-10-26 01:04:03 [[32minfo[39m] Database connection established.
2025-10-26 01:04:04 [[32minfo[39m] Database synced
2025-10-26 01:04:04 [[32minfo[39m] Server running on port 5000
2025-10-26 01:16:38 [[32minfo[39m] Database connection established.
2025-10-26 01:16:39 [[32minfo[39m] Database synced
2025-10-26 01:16:39 [[32minfo[39m] Server running on port 5000
2025-10-26 01:30:06 [[32minfo[39m] Database connection established.
2025-10-26 01:30:08 [[32minfo[39m] Database synced
2025-10-26 01:30:08 [[32minfo[39m] Server running on port 5000
2025-10-26 01:32:36 [[32minfo[39m] Database connection established.
2025-10-26 01:32:37 [[32minfo[39m] Database synced
2025-10-26 01:32:37 [[32minfo[39m] Server running on port 5000
2025-10-26 01:41:41 [[32minfo[39m] Database connection established.
2025-10-26 01:41:42 [[32minfo[39m] Database synced
2025-10-26 01:41:42 [[32minfo[39m] Server running on port 5000
2025-10-26 01:45:54 [[32minfo[39m] Database connection established.
2025-10-26 01:45:56 [[32minfo[39m] Database synced
2025-10-26 01:45:56 [[32minfo[39m] Server running on port 5000
2025-10-26 01:47:06 [[32minfo[39m] Database connection established.
2025-10-26 01:47:08 [[32minfo[39m] Database synced
2025-10-26 01:47:08 [[32minfo[39m] Server running on port 5000
2025-10-26 01:50:03 [[32minfo[39m] Database connection established.
2025-10-26 01:50:05 [[32minfo[39m] Database synced
2025-10-26 01:50:05 [[32minfo[39m] Server running on port 5000
2025-10-26 01:59:25 [[32minfo[39m] Database connection established.
2025-10-26 01:59:26 [[32minfo[39m] Database synced
2025-10-26 01:59:26 [[32minfo[39m] Server running on port 5000
2025-10-26 02:01:14 [[32minfo[39m] Database connection established.
2025-10-26 02:01:14 [[32minfo[39m] Database synced
2025-10-26 02:01:14 [[32minfo[39m] Server running on port 5000
2025-10-26 02:03:23 [[32minfo[39m] Database connection established.
2025-10-26 02:03:24 [[32minfo[39m] Database synced
2025-10-26 02:03:24 [[32minfo[39m] Server running on port 5000
2025-10-26 02:05:55 [[32minfo[39m] Database connection established.
2025-10-26 02:05:56 [[32minfo[39m] Database synced
2025-10-26 02:05:56 [[32minfo[39m] Server running on port 5000
2025-10-26 02:08:47 [[32minfo[39m] Database connection established.
2025-10-26 02:08:47 [[32minfo[39m] Database synced
2025-10-26 02:08:47 [[32minfo[39m] Server running on port 5000
2025-10-26 02:10:18 [[32minfo[39m] Database connection established.
2025-10-26 02:10:19 [[32minfo[39m] Database synced
2025-10-26 02:10:19 [[32minfo[39m] Server running on port 5000
2025-10-26 02:14:44 [[32minfo[39m] Database connection established.
2025-10-26 02:14:45 [[32minfo[39m] Database synced
2025-10-26 02:14:45 [[32minfo[39m] Server running on port 5000
2025-10-26 02:16:17 [[32minfo[39m] Database connection established.
2025-10-26 02:16:18 [[32minfo[39m] Database synced
2025-10-26 02:16:18 [[32minfo[39m] Server running on port 5000
2025-10-26 02:19:04 [[32minfo[39m] Database connection established.
2025-10-26 02:19:04 [[32minfo[39m] Database synced
2025-10-26 02:19:04 [[32minfo[39m] Server running on port 5000
2025-10-28 14:41:03 [[32minfo[39m] Database connection established.
2025-10-28 14:41:04 [[32minfo[39m] Database synced
2025-10-28 14:41:04 [[32minfo[39m] Server running on port 5000
2025-10-28 15:02:04 [[32minfo[39m] Database connection established.
2025-10-28 15:02:05 [[32minfo[39m] Database synced
2025-10-28 15:02:05 [[32minfo[39m] Server running on port 5000
2025-10-28 15:14:29 [[32minfo[39m] Database connection established.
2025-10-28 15:14:30 [[32minfo[39m] Database synced
2025-10-28 15:14:30 [[32minfo[39m] Server running on port 5000
2025-10-28 15:25:55 [[32minfo[39m] Database connection established.
2025-10-28 15:25:56 [[32minfo[39m] Database synced
2025-10-28 15:25:56 [[32minfo[39m] Server running on port 5000
2025-10-28 15:34:48 [[32minfo[39m] Database connection established.
2025-10-28 15:34:49 [[32minfo[39m] Database synced
2025-10-28 15:34:49 [[32minfo[39m] Server running on port 5000
2025-10-28 15:38:33 [[32minfo[39m] Database connection established.
2025-10-28 15:38:34 [[32minfo[39m] Database synced
2025-10-28 15:38:34 [[32minfo[39m] Server running on port 5000
2025-10-28 15:39:37 [[32minfo[39m] Database connection established.
2025-10-28 15:39:38 [[32minfo[39m] Database synced
2025-10-28 15:39:38 [[32minfo[39m] Server running on port 5000
2025-10-28 15:45:47 [[32minfo[39m] Database connection established.
2025-10-28 15:45:48 [[32minfo[39m] Database synced
2025-10-28 15:45:48 [[32minfo[39m] Server running on port 5000
2025-10-28 15:47:10 [[32minfo[39m] Database connection established.
2025-10-28 15:47:11 [[32minfo[39m] Database synced
2025-10-28 15:47:11 [[32minfo[39m] Server running on port 5000
2025-10-28 15:48:46 [[32minfo[39m] Database connection established.
2025-10-28 15:48:47 [[32minfo[39m] Database synced
2025-10-28 15:48:47 [[32minfo[39m] Server running on port 5000
2025-10-28 15:53:53 [[32minfo[39m] Database connection established.
2025-10-28 15:53:54 [[32minfo[39m] Database synced
2025-10-28 15:53:54 [[32minfo[39m] Server running on port 5000
2025-10-28 16:03:48 [[32minfo[39m] Database connection established.
2025-10-28 16:03:49 [[32minfo[39m] Database synced
2025-10-28 16:03:49 [[32minfo[39m] Server running on port 5000
2025-10-28 16:05:59 [[32minfo[39m] Database connection established.
2025-10-28 16:06:01 [[32minfo[39m] Database synced
2025-10-28 16:06:01 [[32minfo[39m] Server running on port 5000
2025-10-28 21:24:26 [[32minfo[39m] Database connection established.
2025-10-28 21:24:28 [[32minfo[39m] Database synced
2025-10-28 21:24:28 [[32minfo[39m] Server running on port 5000
2025-10-28 21:29:09 [[32minfo[39m] Database connection established.
2025-10-28 21:29:10 [[32minfo[39m] Database synced
2025-10-28 21:29:10 [[32minfo[39m] Server running on port 5000
2025-10-28 21:32:31 [[32minfo[39m] Database connection established.
2025-10-28 21:32:32 [[32minfo[39m] Database synced
2025-10-28 21:32:32 [[32minfo[39m] Server running on port 5000
2025-10-28 21:35:56 [[32minfo[39m] Database connection established.
2025-10-28 21:35:57 [[32minfo[39m] Database synced
2025-10-28 21:35:57 [[32minfo[39m] Server running on port 5000
2025-10-28 22:10:47 [[32minfo[39m] Database connection established.
2025-10-28 22:10:48 [[32minfo[39m] Database synced
2025-10-28 22:10:48 [[32minfo[39m] Server running on port 5000
2025-10-28 22:25:36 [[32minfo[39m] Database connection established.
2025-10-28 22:25:36 [[32minfo[39m] Database synced
2025-10-28 22:25:36 [[32minfo[39m] Server running on port 5000
2025-10-28 22:26:46 [[32minfo[39m] Database connection established.
2025-10-28 22:26:47 [[32minfo[39m] Database synced
2025-10-28 22:26:47 [[32minfo[39m] Server running on port 5000
2025-10-28 22:29:12 [[32minfo[39m] Database connection established.
2025-10-28 22:29:13 [[32minfo[39m] Database synced
2025-10-28 22:29:13 [[32minfo[39m] Server running on port 5000
2025-10-28 22:32:10 [[32minfo[39m] Database connection established.
2025-10-28 22:32:11 [[32minfo[39m] Database synced
2025-10-28 22:32:11 [[32minfo[39m] Server running on port 5000
2025-10-28 22:44:00 [[32minfo[39m] Database connection established.
2025-10-28 22:44:01 [[32minfo[39m] Database synced
2025-10-28 22:44:01 [[32minfo[39m] Server running on port 5000
2025-10-28 22:54:41 [[32minfo[39m] Database connection established.
2025-10-28 22:54:41 [[32minfo[39m] Database synced
2025-10-28 22:54:41 [[32minfo[39m] Server running on port 5000
2025-10-28 23:13:42 [[32minfo[39m] Database connection established.
2025-10-28 23:13:42 [[32minfo[39m] Database synced
2025-10-28 23:13:42 [[32minfo[39m] Server running on port 5000
2025-10-28 23:15:45 [[32minfo[39m] Database connection established.
2025-10-28 23:15:45 [[32minfo[39m] Database synced
2025-10-28 23:15:45 [[32minfo[39m] Server running on port 5000
2025-10-28 23:19:17 [[32minfo[39m] Database connection established.
2025-10-28 23:19:18 [[32minfo[39m] Database synced
2025-10-28 23:19:18 [[32minfo[39m] Server running on port 5000
2025-10-28 23:21:00 [[32minfo[39m] Database connection established.
2025-10-28 23:21:01 [[32minfo[39m] Database synced
2025-10-28 23:21:01 [[32minfo[39m] Server running on port 5000
2025-10-30 22:08:36 [[32minfo[39m] Database connection established.
2025-10-30 22:08:36 [[32minfo[39m] Database synced
2025-10-30 22:08:36 [[32minfo[39m] Server running on port 5000
2025-10-30 22:18:16 [[32minfo[39m] Database connection established.
2025-10-30 22:18:17 [[32minfo[39m] Database synced
2025-10-30 22:18:17 [[32minfo[39m] Server running on port 5000
2025-10-30 22:28:31 [[32minfo[39m] Database connection established.
2025-10-30 22:28:32 [[32minfo[39m] Database synced
2025-10-30 22:28:32 [[32minfo[39m] Server running on port 5000
2025-10-30 22:32:54 [[32minfo[39m] Database connection established.
2025-10-30 22:32:54 [[31merror[39m] Database connection failed: SQLITE_CONSTRAINT: FOREIGN KEY constraint failed
2025-10-30 22:33:17 [[32minfo[39m] Database connection established.
2025-10-30 22:33:17 [[31merror[39m] Database connection failed: Validation error
2025-10-30 22:34:13 [[32minfo[39m] Database connection established.
2025-10-30 22:34:13 [[31merror[39m] Database connection failed: Validation error
2025-10-30 22:35:29 [[32minfo[39m] Database connection established.
2025-10-30 22:35:29 [[31merror[39m] Database connection failed: Validation error
2025-10-30 22:36:50 [[32minfo[39m] Database connection established.
2025-10-30 22:36:50 [[31merror[39m] Database connection failed: Validation error
2025-10-30 22:38:38 [[32minfo[39m] Database connection established.
2025-10-30 22:38:38 [[31merror[39m] Database connection failed: Validation error
2025-10-30 22:45:03 [[32minfo[39m] Database connection established.
2025-10-30 22:45:03 [[31merror[39m] Database connection failed: Validation error
2025-10-30 22:46:12 [[32minfo[39m] Database connection established.
2025-10-30 22:46:12 [[31merror[39m] Database connection failed:
2025-10-30 22:49:44 [[32minfo[39m] Database connection established.
2025-10-30 22:49:44 [[32minfo[39m] Database synced
2025-10-30 22:49:44 [[32minfo[39m] Server running on port 5000
2025-10-30 23:03:09 [[32minfo[39m] Database connection established.
2025-10-30 23:03:09 [[32minfo[39m] Database synced
2025-10-30 23:03:09 [[32minfo[39m] Server running on port 5000
2025-10-30 23:06:53 [[32minfo[39m] Database connection established.
2025-10-30 23:06:53 [[32minfo[39m] Database synced
2025-10-30 23:06:53 [[32minfo[39m] Server running on port 5000
2025-10-30 23:09:15 [[32minfo[39m] Database connection established.
2025-10-30 23:09:16 [[32minfo[39m] Database synced
2025-10-30 23:09:16 [[32minfo[39m] Server running on port 5000
2025-10-30 23:11:42 [[32minfo[39m] Database connection established.
2025-10-30 23:11:43 [[31merror[39m] Database connection failed:
2025-10-30 23:12:27 [[32minfo[39m] Database connection established.
2025-10-30 23:12:27 [[31merror[39m] Database connection failed:
2025-10-30 23:19:25 [[32minfo[39m] Database connection established.
2025-10-30 23:19:30 [[31merror[39m] Database connection failed:
2025-10-30 23:20:47 [[32minfo[39m] Database connection established.
2025-10-30 23:20:47 [[32minfo[39m] Database synced
2025-10-30 23:20:47 [[32minfo[39m] Server running on port 5000
2025-10-30 23:27:05 [[32minfo[39m] Database connection established.
2025-10-30 23:27:05 [[32minfo[39m] Database synced
2025-10-30 23:27:05 [[32minfo[39m] Server running on port 5000
2025-10-30 23:32:11 [[32minfo[39m] Database connection established.
2025-10-30 23:32:11 [[32minfo[39m] Database synced
2025-10-30 23:32:11 [[32minfo[39m] Server running on port 5000
2025-10-30 23:34:21 [[32minfo[39m] Database connection established.
2025-10-30 23:34:21 [[32minfo[39m] Database synced
2025-10-30 23:34:21 [[32minfo[39m] Server running on port 5000
2025-10-30 23:46:31 [[32minfo[39m] Database connection established.
2025-10-30 23:46:31 [[32minfo[39m] Database synced
2025-10-30 23:46:31 [[32minfo[39m] Server running on port 5000
2025-10-30 23:49:09 [[32minfo[39m] Database connection established.
2025-10-30 23:49:09 [[32minfo[39m] Database synced
2025-10-30 23:49:09 [[32minfo[39m] Server running on port 5000
2025-10-30 23:53:15 [[32minfo[39m] Database connection established.
2025-10-30 23:53:15 [[32minfo[39m] Database synced
2025-10-30 23:53:15 [[32minfo[39m] Server running on port 5000
2025-10-30 23:54:18 [[32minfo[39m] Database connection established.
2025-10-30 23:54:18 [[32minfo[39m] Database synced
2025-10-30 23:54:18 [[32minfo[39m] Server running on port 5000
2025-10-30 23:56:43 [[32minfo[39m] Database connection established.
2025-10-30 23:56:43 [[32minfo[39m] Database synced
2025-10-30 23:56:43 [[32minfo[39m] Server running on port 5000
2025-10-31 00:19:39 [[32minfo[39m] Database connection established.
2025-10-31 00:19:39 [[32minfo[39m] Database synced
2025-10-31 00:19:39 [[32minfo[39m] Server running on port 5000
2025-10-31 00:20:56 [[32minfo[39m] Database connection established.
2025-10-31 00:20:56 [[32minfo[39m] Database synced
2025-10-31 00:20:56 [[32minfo[39m] Server running on port 5000
2025-10-31 00:23:24 [[32minfo[39m] Database connection established.
2025-10-31 00:23:24 [[32minfo[39m] Database synced
2025-10-31 00:23:24 [[32minfo[39m] Server running on port 5000
2025-10-31 00:24:17 [[32minfo[39m] Database connection established.
2025-10-31 00:24:17 [[32minfo[39m] Database synced
2025-10-31 00:24:17 [[32minfo[39m] Server running on port 5000
2025-10-31 00:25:24 [[32minfo[39m] Database connection established.
2025-10-31 00:25:24 [[32minfo[39m] Database synced
2025-10-31 00:25:24 [[32minfo[39m] Server running on port 5000
2025-10-31 00:26:19 [[32minfo[39m] Database connection established.
2025-10-31 00:26:19 [[32minfo[39m] Database synced
2025-10-31 00:26:19 [[32minfo[39m] Server running on port 5000
2025-10-31 00:26:49 [[32minfo[39m] Database connection established.
2025-10-31 00:26:49 [[32minfo[39m] Database synced
2025-10-31 00:26:49 [[32minfo[39m] Server running on port 5000
2025-10-31 00:29:47 [[32minfo[39m] Database connection established.
2025-10-31 00:29:47 [[32minfo[39m] Database synced
2025-10-31 00:29:47 [[32minfo[39m] Server running on port 5000
2025-10-31 00:32:48 [[32minfo[39m] Database connection established.
2025-10-31 00:32:48 [[32minfo[39m] Database synced
2025-10-31 00:32:48 [[32minfo[39m] Server running on port 5000
2025-10-31 00:34:58 [[32minfo[39m] Database connection established.
2025-10-31 00:34:58 [[32minfo[39m] Database synced
2025-10-31 00:34:58 [[32minfo[39m] Server running on port 5000
2025-10-31 00:36:01 [[32minfo[39m] Database connection established.
2025-10-31 00:36:01 [[32minfo[39m] Database synced
2025-10-31 00:36:01 [[32minfo[39m] Server running on port 5000
2025-10-31 00:40:03 [[32minfo[39m] Database connection established.
2025-10-31 00:40:03 [[32minfo[39m] Database synced
2025-10-31 00:40:03 [[32minfo[39m] Server running on port 5000
2025-10-31 00:44:42 [[32minfo[39m] Database connection established.
2025-10-31 00:44:42 [[32minfo[39m] Database synced
2025-10-31 00:44:42 [[32minfo[39m] Server running on port 5000
2025-10-31 13:54:33 [[32minfo[39m] Database connection established.
2025-10-31 13:54:33 [[32minfo[39m] Database synced
2025-10-31 13:54:33 [[32minfo[39m] Server running on port 5000
2025-10-31 14:30:27 [[32minfo[39m] Database connection established.
2025-10-31 14:30:27 [[32minfo[39m] Database synced
2025-10-31 14:30:27 [[32minfo[39m] Server running on port 5000
2025-10-31 14:38:34 [[32minfo[39m] Database connection established.
2025-10-31 14:38:34 [[32minfo[39m] Database synced
2025-10-31 14:38:34 [[32minfo[39m] Server running on port 5000
2025-10-31 14:42:29 [[32minfo[39m] Database connection established.
2025-10-31 14:42:29 [[32minfo[39m] Database synced
2025-10-31 14:42:29 [[32minfo[39m] Server running on port 5000
2025-10-31 14:43:20 [[32minfo[39m] Database connection established.
2025-10-31 14:43:20 [[32minfo[39m] Database synced
2025-10-31 14:43:20 [[32minfo[39m] Server running on port 5000
2025-10-31 14:48:50 [[32minfo[39m] Database connection established.
2025-10-31 14:48:50 [[32minfo[39m] Database synced
2025-10-31 14:48:50 [[32minfo[39m] Server running on port 5000
2025-10-31 14:52:57 [[32minfo[39m] Database connection established.
2025-10-31 14:52:57 [[32minfo[39m] Database synced
2025-10-31 14:52:57 [[32minfo[39m] Server running on port 5000
2025-10-31 14:55:45 [[32minfo[39m] Database connection established.
2025-10-31 14:55:45 [[32minfo[39m] Database synced
2025-10-31 14:55:45 [[32minfo[39m] Server running on port 5000
2025-10-31 14:56:44 [[32minfo[39m] Database connection established.
2025-10-31 14:56:44 [[32minfo[39m] Database synced
2025-10-31 14:56:44 [[32minfo[39m] Server running on port 5000
2025-10-31 16:19:49 [[32minfo[39m] Database connection established.
2025-10-31 16:19:49 [[32minfo[39m] Database synced
2025-10-31 16:19:49 [[32minfo[39m] Server running on port 5000
2025-10-31 16:21:19 [[32minfo[39m] Database connection established.
2025-10-31 16:21:19 [[32minfo[39m] Database synced
2025-10-31 16:21:19 [[32minfo[39m] Server running on port 5000
2025-10-31 16:34:06 [[32minfo[39m] Database connection established.
2025-10-31 16:34:06 [[32minfo[39m] Database synced
2025-10-31 16:34:06 [[32minfo[39m] Server running on port 5000
2025-10-31 16:36:31 [[32minfo[39m] Database connection established.
2025-10-31 16:36:31 [[32minfo[39m] Database synced
2025-10-31 16:36:31 [[32minfo[39m] Server running on port 5000
2025-10-31 17:19:24 [[32minfo[39m] Database connection established.
2025-10-31 17:19:24 [[32minfo[39m] Database synced
2025-10-31 17:19:24 [[32minfo[39m] Server running on port 5000
2025-10-31 17:43:35 [[32minfo[39m] Database connection established.
2025-10-31 17:43:35 [[32minfo[39m] Database synced
2025-10-31 17:43:35 [[32minfo[39m] Server running on port 5000
2025-10-31 17:43:49 [[32minfo[39m] Database connection established.
2025-10-31 17:43:49 [[32minfo[39m] Database synced
2025-10-31 17:43:49 [[32minfo[39m] Server running on port 5000
2025-10-31 17:45:06 [[32minfo[39m] Database connection established.
2025-10-31 17:45:06 [[32minfo[39m] Database synced
2025-10-31 17:45:06 [[32minfo[39m] Server running on port 5000
2025-10-31 17:45:40 [[32minfo[39m] Database connection established.
2025-10-31 17:45:40 [[32minfo[39m] Database synced
2025-10-31 17:45:40 [[32minfo[39m] Server running on port 5000
2025-10-31 17:50:52 [[32minfo[39m] Database connection established.
2025-10-31 17:50:52 [[32minfo[39m] Database synced
2025-10-31 17:50:52 [[32minfo[39m] Server running on port 5000
2025-10-31 17:56:05 [[32minfo[39m] Database connection established.
2025-10-31 17:56:05 [[32minfo[39m] Database synced
2025-10-31 17:56:05 [[32minfo[39m] Server running on port 5000
2025-10-31 17:57:14 [[32minfo[39m] Database connection established.
2025-10-31 17:57:14 [[32minfo[39m] Database synced
2025-10-31 17:57:14 [[32minfo[39m] Server running on port 5000
2025-10-31 17:58:21 [[32minfo[39m] Database connection established.
2025-10-31 17:58:21 [[32minfo[39m] Database synced
2025-10-31 17:58:21 [[32minfo[39m] Server running on port 5000
2025-10-31 18:03:28 [[32minfo[39m] Database connection established.
2025-10-31 18:03:28 [[32minfo[39m] Database synced
2025-10-31 18:03:28 [[32minfo[39m] Server running on port 5000
2025-10-31 18:08:04 [[32minfo[39m] Database connection established.
2025-10-31 18:08:04 [[32minfo[39m] Database synced
2025-10-31 18:08:04 [[32minfo[39m] Server running on port 5000
2025-10-31 18:45:15 [[32minfo[39m] Database connection established.
2025-10-31 18:45:15 [[32minfo[39m] Database synced
2025-10-31 18:45:15 [[32minfo[39m] Server running on port 5000
2025-11-01 14:51:53 [[32minfo[39m] Database connection established.
2025-11-01 14:51:53 [[32minfo[39m] Database synced
2025-11-01 14:51:53 [[32minfo[39m] Server running on port 5000
2025-11-01 16:21:15 [[32minfo[39m] Database connection established.
2025-11-01 16:21:15 [[32minfo[39m] Database synced
2025-11-01 16:21:15 [[32minfo[39m] Server running on port 5000
2025-11-01 16:41:10 [[32minfo[39m] Database connection established.
2025-11-01 16:41:10 [[32minfo[39m] Database synced
2025-11-01 16:41:10 [[32minfo[39m] Server running on port 5000
2025-11-01 16:44:36 [[32minfo[39m] Database connection established.
2025-11-01 16:44:36 [[32minfo[39m] Database synced
2025-11-01 16:44:36 [[32minfo[39m] Server running on port 5000
2025-11-01 16:53:27 [[32minfo[39m] Database connection established.
2025-11-01 16:53:27 [[32minfo[39m] Database synced
2025-11-01 16:53:27 [[32minfo[39m] Server running on port 5000
2025-11-01 16:54:56 [[32minfo[39m] Database connection established.
2025-11-01 16:54:56 [[32minfo[39m] Database synced
2025-11-01 16:54:56 [[32minfo[39m] Server running on port 5000
2025-11-01 16:57:24 [[32minfo[39m] Database connection established.
2025-11-01 16:57:24 [[32minfo[39m] Database synced
2025-11-01 16:57:24 [[32minfo[39m] Server running on port 5000
2025-11-01 16:58:01 [[32minfo[39m] Database connection established.
2025-11-01 16:58:01 [[32minfo[39m] Database synced
2025-11-01 16:58:01 [[32minfo[39m] Server running on port 5000
2025-11-01 17:01:16 [[32minfo[39m] Database connection established.
2025-11-01 17:01:16 [[32minfo[39m] Database synced
2025-11-01 17:01:16 [[32minfo[39m] Server running on port 5000
2025-11-01 17:08:48 [[32minfo[39m] Database connection established.
2025-11-01 17:08:48 [[32minfo[39m] Database synced
2025-11-01 17:08:48 [[32minfo[39m] Server running on port 5000
2025-11-01 17:11:51 [[32minfo[39m] Database connection established.
2025-11-01 17:11:51 [[32minfo[39m] Database synced
2025-11-01 17:11:51 [[32minfo[39m] Server running on port 5000
2025-11-01 17:14:04 [[32minfo[39m] Database connection established.
2025-11-01 17:14:04 [[32minfo[39m] Database synced
2025-11-01 17:14:04 [[32minfo[39m] Server running on port 5000
2025-11-01 17:16:27 [[32minfo[39m] Database connection established.
2025-11-01 17:16:27 [[32minfo[39m] Database synced
2025-11-01 17:16:27 [[32minfo[39m] Server running on port 5000
2025-11-01 17:16:55 [[32minfo[39m] Database connection established.
2025-11-01 17:16:55 [[32minfo[39m] Database synced
2025-11-01 17:16:55 [[32minfo[39m] Server running on port 5000
2025-11-01 17:33:35 [[32minfo[39m] Database connection established.
2025-11-01 17:33:35 [[32minfo[39m] Database synced
2025-11-01 17:33:35 [[32minfo[39m] Server running on port 5000
2025-11-01 17:51:52 [[32minfo[39m] Database connection established.
2025-11-01 17:51:52 [[32minfo[39m] Database synced
2025-11-01 17:51:52 [[32minfo[39m] Server running on port 5000
2025-11-01 18:11:13 [[32minfo[39m] Database connection established.
2025-11-01 18:11:13 [[32minfo[39m] Database synced
2025-11-01 18:11:13 [[32minfo[39m] Server running on port 5000
2025-11-01 18:23:48 [[31merror[39m] Cannot set headers after they are sent to the client
2025-11-01 18:23:48 [[31merror[39m] [DELETE] /api/favorites/deleteEv/Good%20Health%20Good%20Wealth - Cannot set headers after they are sent to the client
2025-11-01 18:25:36 [[31merror[39m] Cannot set headers after they are sent to the client
2025-11-01 18:25:36 [[31merror[39m] [DELETE] /api/favorites/deleteEv/Good%20Health%20Good%20Wealth - Cannot set headers after they are sent to the client
2025-11-01 18:25:52 [[32minfo[39m] Database connection established.
2025-11-01 18:25:52 [[32minfo[39m] Database synced
2025-11-01 18:25:52 [[32minfo[39m] Server running on port 5000
2025-11-01 18:27:55 [[32minfo[39m] Database connection established.
2025-11-01 18:27:55 [[32minfo[39m] Database synced
2025-11-01 18:27:55 [[32minfo[39m] Server running on port 5000
2025-11-01 18:29:35 [[32minfo[39m] Database connection established.
2025-11-01 18:29:35 [[32minfo[39m] Database synced
2025-11-01 18:29:35 [[32minfo[39m] Server running on port 5000
2025-11-01 18:30:51 [[32minfo[39m] Database connection established.
2025-11-01 18:30:51 [[32minfo[39m] Database synced
2025-11-01 18:30:51 [[32minfo[39m] Server running on port 5000
2025-11-01 18:36:56 [[32minfo[39m] Database connection established.
2025-11-01 18:36:56 [[32minfo[39m] Database synced
2025-11-01 18:36:56 [[32minfo[39m] Server running on port 5000
2025-11-01 18:38:42 [[32minfo[39m] Database connection established.
2025-11-01 18:38:42 [[32minfo[39m] Database synced
2025-11-01 18:38:42 [[32minfo[39m] Server running on port 5000
2025-11-01 18:39:16 [[32minfo[39m] Database connection established.
2025-11-01 18:39:16 [[32minfo[39m] Database synced
2025-11-01 18:39:16 [[32minfo[39m] Server running on port 5000
2025-11-01 18:39:27 [[32minfo[39m] Database connection established.
2025-11-01 18:39:27 [[32minfo[39m] Database synced
2025-11-01 18:39:27 [[32minfo[39m] Server running on port 5000
2025-11-01 20:53:27 [[32minfo[39m] Database connection established.
2025-11-01 20:53:27 [[32minfo[39m] Database synced
2025-11-01 20:53:27 [[32minfo[39m] Server running on port 5000
2025-11-02 21:52:10 [[32minfo[39m] Database connection established.
2025-11-02 21:52:10 [[32minfo[39m] Database synced
2025-11-02 21:52:10 [[32minfo[39m] Server running on port 5000
2025-11-02 22:15:26 [[32minfo[39m] Database connection established.
2025-11-02 22:15:26 [[32minfo[39m] Database synced
2025-11-02 22:15:26 [[32minfo[39m] Server running on port 5000
2025-11-02 22:18:43 [[32minfo[39m] Database connection established.
2025-11-02 22:18:43 [[32minfo[39m] Database synced
2025-11-02 22:18:43 [[32minfo[39m] Server running on port 5000
2025-11-02 22:22:40 [[32minfo[39m] Database connection established.
2025-11-02 22:22:40 [[32minfo[39m] Database synced
2025-11-02 22:22:40 [[32minfo[39m] Server running on port 5000
2025-11-02 22:23:22 [[32minfo[39m] Database connection established.
2025-11-02 22:23:22 [[32minfo[39m] Database synced
2025-11-02 22:23:22 [[32minfo[39m] Server running on port 5000
2025-11-02 22:28:22 [[32minfo[39m] Database connection established.
2025-11-02 22:28:22 [[32minfo[39m] Database synced
2025-11-02 22:28:22 [[32minfo[39m] Server running on port 5000
2025-11-04 23:57:57 [[32minfo[39m] Database connection established.
2025-11-04 23:57:57 [[32minfo[39m] Database synced
2025-11-04 23:57:57 [[32minfo[39m] Server running on port 5000
2025-11-05 15:34:55 [[32minfo[39m] Database connection established.
2025-11-05 15:34:55 [[32minfo[39m] Database synced
2025-11-05 15:34:55 [[32minfo[39m] Server running on port 5000
2025-11-05 17:35:15 [[32minfo[39m] Database connection established.
2025-11-05 17:35:15 [[32minfo[39m] Database synced
2025-11-05 17:35:15 [[32minfo[39m] Server running on port 5000
2025-11-05 17:43:12 [[32minfo[39m] Database connection established.
2025-11-05 17:43:12 [[32minfo[39m] Database synced
2025-11-05 17:43:12 [[32minfo[39m] Server running on port 5000
2025-11-05 17:46:08 [[32minfo[39m] Database connection established.
2025-11-05 17:46:08 [[32minfo[39m] Database synced
2025-11-05 17:46:08 [[32minfo[39m] Server running on port 5000
2025-11-05 17:46:46 [[32minfo[39m] Database connection established.
2025-11-05 17:46:46 [[32minfo[39m] Database synced
2025-11-05 17:46:46 [[32minfo[39m] Server running on port 5000
2025-11-06 23:00:18 [[32minfo[39m] Database connection established.
2025-11-06 23:00:18 [[32minfo[39m] Database synced
2025-11-06 23:00:18 [[32minfo[39m] Server running on port 5000
2025-11-07 16:39:28 [[32minfo[39m] Database connection established.
2025-11-07 16:39:28 [[32minfo[39m] Database synced
2025-11-07 16:39:28 [[32minfo[39m] Server running on port 5000
2025-11-07 17:21:10 [[32minfo[39m] Database connection established.
2025-11-07 17:21:10 [[32minfo[39m] Database synced
2025-11-07 17:21:10 [[32minfo[39m] Server running on port 5000
2025-11-08 20:17:15 [[32minfo[39m] Database connection established.
2025-11-08 20:17:15 [[32minfo[39m] Database synced
2025-11-08 20:17:15 [[32minfo[39m] Server running on port 5000
2025-11-08 21:31:56 [[32minfo[39m] Database connection established.
2025-11-08 21:31:56 [[32minfo[39m] Database synced
2025-11-08 21:31:56 [[32minfo[39m] Server running on port 5000
2025-11-08 21:43:17 [[32minfo[39m] Database connection established.
2025-11-08 21:43:17 [[32minfo[39m] Database synced
2025-11-08 21:43:17 [[32minfo[39m] Server running on port 5000
2025-11-08 21:45:36 [[32minfo[39m] Database connection established.
2025-11-08 21:45:36 [[32minfo[39m] Database synced
2025-11-08 21:45:36 [[32minfo[39m] Server running on port 5000
2025-11-08 21:46:32 [[32minfo[39m] Database connection established.
2025-11-08 21:46:32 [[32minfo[39m] Database synced
2025-11-08 21:46:32 [[32minfo[39m] Server running on port 5000
2025-11-08 21:48:40 [[32minfo[39m] Database connection established.
2025-11-08 21:48:40 [[32minfo[39m] Database synced
2025-11-08 21:48:40 [[32minfo[39m] Server running on port 5000
2025-11-08 21:58:24 [[32minfo[39m] Database connection established.
2025-11-08 21:58:24 [[32minfo[39m] Database synced
2025-11-08 21:58:24 [[32minfo[39m] Server running on port 5000
2025-11-08 23:24:36 [[32minfo[39m] Database connection established.
2025-11-08 23:24:36 [[32minfo[39m] Database synced
2025-11-08 23:24:36 [[32minfo[39m] Server running on port 5000
2025-11-08 23:34:26 [[32minfo[39m] Database connection established.
2025-11-08 23:34:26 [[32minfo[39m] Database synced
2025-11-08 23:34:26 [[32minfo[39m] Server running on port 5000
2025-11-08 23:45:01 [[32minfo[39m] Database connection established.
2025-11-08 23:45:01 [[32minfo[39m] Database synced
2025-11-08 23:45:01 [[32minfo[39m] Server running on port 5000
2025-11-08 23:50:06 [[32minfo[39m] Database connection established.
2025-11-08 23:50:06 [[32minfo[39m] Database synced
2025-11-08 23:50:06 [[32minfo[39m] Server running on port 5000
2025-11-09 00:01:13 [[32minfo[39m] Database connection established.
2025-11-09 00:01:13 [[32minfo[39m] Database synced
2025-11-09 00:01:13 [[32minfo[39m] Server running on port 5000
2025-11-09 00:09:15 [[32minfo[39m] Database connection established.
2025-11-09 00:09:15 [[32minfo[39m] Database synced
2025-11-09 00:09:15 [[32minfo[39m] Server running on port 5000
2025-11-09 00:09:41 [[32minfo[39m] Database connection established.
2025-11-09 00:09:41 [[32minfo[39m] Database synced
2025-11-09 00:09:41 [[32minfo[39m] Server running on port 5000
2025-11-09 00:10:57 [[32minfo[39m] Database connection established.
2025-11-09 00:10:57 [[32minfo[39m] Database synced
2025-11-09 00:10:57 [[32minfo[39m] Server running on port 5000
2025-11-09 00:24:51 [[32minfo[39m] Database connection established.
2025-11-09 00:24:51 [[32minfo[39m] Database synced
2025-11-09 00:24:51 [[32minfo[39m] Server running on port 5000
2025-11-09 00:26:07 [[32minfo[39m] Database connection established.
2025-11-09 00:26:07 [[32minfo[39m] Database synced
2025-11-09 00:26:07 [[32minfo[39m] Server running on port 5000
2025-11-09 00:26:39 [[32minfo[39m] Database connection established.
2025-11-09 00:26:39 [[32minfo[39m] Database synced
2025-11-09 00:26:39 [[32minfo[39m] Server running on port 5000
2025-11-09 00:27:37 [[32minfo[39m] Database connection established.
2025-11-09 00:27:37 [[32minfo[39m] Database synced
2025-11-09 00:27:37 [[32minfo[39m] Server running on port 5000
2025-11-09 00:39:04 [[32minfo[39m] Database connection established.
2025-11-09 00:39:04 [[32minfo[39m] Database synced
2025-11-09 00:39:04 [[32minfo[39m] Server running on port 5000
2025-11-16 13:26:13 [[32minfo[39m] Database connection established.
2025-11-16 13:26:13 [[32minfo[39m] Database synced
2025-11-16 13:26:13 [[32minfo[39m] Server running on port 5000
2025-11-16 13:29:58 [[32minfo[39m] Database connection established.
2025-11-16 13:29:58 [[32minfo[39m] Database synced
2025-11-16 13:29:58 [[32minfo[39m] Server running on port 5000
2025-11-16 13:45:54 [[32minfo[39m] Database connection established.
2025-11-16 13:45:54 [[32minfo[39m] Database synced
2025-11-16 13:45:54 [[32minfo[39m] Server running on port 5000
2025-11-16 13:58:19 [[32minfo[39m] Database connection established.
2025-11-16 13:58:19 [[32minfo[39m] Database synced
2025-11-16 13:58:19 [[32minfo[39m] Server running on port 5000
2025-11-16 14:01:09 [[32minfo[39m] Database connection established.
2025-11-16 14:01:09 [[32minfo[39m] Database synced
2025-11-16 14:01:09 [[32minfo[39m] Server running on port 5000
2025-11-16 14:07:03 [[32minfo[39m] Database connection established.
2025-11-16 14:07:03 [[32minfo[39m] Database synced
2025-11-16 14:07:03 [[32minfo[39m] Server running on port 5000
2026-02-05 16:37:27 [[32minfo[39m] Database connection established.
2026-02-05 16:37:27 [[32minfo[39m] Database synced
2026-02-05 16:37:27 [[32minfo[39m] Server running on port 5000
2026-02-05 16:38:08 [[32minfo[39m] Database connection established.
2026-02-05 16:38:08 [[32minfo[39m] Database synced
2026-02-05 16:38:08 [[32minfo[39m] Server running on port 5000
2026-02-05 16:41:02 [[32minfo[39m] Database connection established.
2026-02-05 16:41:02 [[32minfo[39m] Database synced
2026-02-05 16:41:02 [[32minfo[39m] Server running on port 5000
2026-02-05 17:29:33 [[32minfo[39m] Database connection established.
2026-02-05 17:29:33 [[32minfo[39m] Database synced
2026-02-05 17:29:33 [[32minfo[39m] Server running on port 5000
